iso3,year,share_aidtype_technical_cooperation_outlier,share_aidtype_budget_support_outlier,share_aidtype_project_outlier,share_aidtype_pooled_earmarked_outlier,share_aidtype_ngo_core_outlier,share_aidtype_scholarships_students_outlier,share_aidtype_admin_refugee_awareness_outlier,oda_pct_gdp_outlier,any_outlier
TUR,1995,False,False,False,False,False,False,False,False,False
TUR,1996,False,False,False,False,False,False,False,False,False
TUR,1997,False,False,False,False,False,False,False,False,False
TUR,1998,False,False,False,False,False,False,False,False,False
TUR,1999,False,False,False,False,False,False,False,False,False
TUR,2000,False,False,False,False,False,False,False,False,False
TUR,2001,False,False,False,False,False,False,False,False,False
TUR,2002,False,False,False,False,False,False,False,False,False
TUR,2003,False,False,False,False,False,False,False,False,False
TUR,2004,False,False,False,False,False,False,False,False,False
TUR,2005,False,False,False,False,False,False,False,False,False
TUR,2006,False,False,False,False,False,True,False,False,True
TUR,2007,False,False,False,False,False,True,False,False,True
TUR,2008,False,False,False,False,False,True,False,False,True
TUR,2009,False,False,False,False,False,False,False,False,False
TUR,2010,False,False,False,False,False,True,False,False,True
TUR,2011,False,False,False,False,False,False,False,False,False
TUR,2012,False,False,False,False,False,False,False,False,False
TUR,2013,False,False,False,False,False,False,False,False,False
TUR,2014,False,False,False,False,False,False,False,False,False
TUR,2015,False,False,False,False,False,False,False,False,False
TUR,2016,False,False,False,True,False,False,False,False,True
TUR,2017,False,False,False,True,False,False,False,False,True
TUR,2018,False,False,False,True,False,False,False,False,True
TUR,2019,False,False,False,True,False,False,False,False,True
TUR,2020,False,False,False,True,False,False,False,False,True
TUR,2021,False,False,False,True,False,False,False,False,True
TUR,2022,False,False,False,True,False,False,False,False,True
TUR,2023,False,False,False,True,False,True,False,False,True
TUR,2024,False,False,False,False,False,True,False,False,True
XKX,1999,False,False,False,False,False,False,False,False,False
XKX,2009,False,False,False,False,False,False,False,True,True
XKX,2010,True,False,False,False,False,False,False,False,True
XKX,2011,True,False,False,False,False,False,False,False,True
XKX,2012,True,False,False,False,False,False,False,False,True
XKX,2013,True,False,False,False,False,False,False,False,True
XKX,2014,True,False,False,False,False,False,False,False,True
XKX,2015,True,False,False,False,False,False,False,False,True
XKX,2016,True,False,False,False,False,False,False,False,True
XKX,2017,False,False,False,False,False,False,True,False,True
XKX,2018,False,False,False,False,False,False,True,False,True
XKX,2019,False,False,False,False,False,False,True,False,True
XKX,2020,False,False,False,False,False,False,True,False,True
XKX,2021,False,False,False,False,False,False,True,False,True
XKX,2022,False,False,False,False,False,False,True,False,True
XKX,2023,False,False,False,False,False,False,True,False,True
XKX,2024,False,False,False,False,False,False,True,False,True
SRB,1995,False,False,False,False,False,False,False,False,False
SRB,1996,False,False,False,False,False,False,False,False,False
SRB,1997,False,False,False,False,False,False,False,False,False
SRB,1998,False,False,False,False,False,False,False,False,False
SRB,1999,False,False,False,False,False,False,False,False,False
SRB,2000,False,False,False,False,False,False,False,False,False
SRB,2001,False,False,False,False,False,False,False,False,False
SRB,2002,False,False,False,False,False,False,False,False,False
SRB,2003,False,False,False,False,False,False,False,False,False
SRB,2004,False,False,False,False,False,False,False,False,False
SRB,2005,False,False,False,False,False,False,False,False,False
SRB,2006,False,False,False,False,False,False,False,False,False
SRB,2007,False,False,False,False,False,False,False,False,False
SRB,2008,False,False,False,False,False,False,True,False,True
SRB,2009,False,False,False,False,False,False,False,False,False
SRB,2010,True,False,False,False,False,False,False,False,True
SRB,2011,False,False,False,False,False,False,False,False,False
SRB,2012,False,False,False,False,False,False,False,False,False
SRB,2013,False,False,False,False,False,False,False,False,False
SRB,2014,False,False,False,False,False,False,False,False,False
SRB,2015,False,False,False,False,False,False,False,False,False
SRB,2016,False,False,False,False,False,False,False,False,False
SRB,2017,False,True,False,False,False,False,False,False,True
SRB,2018,False,True,False,False,False,False,False,False,True
SRB,2019,False,False,False,False,False,False,False,False,False
SRB,2020,False,False,False,False,False,False,False,False,False
SRB,2021,False,False,False,False,False,False,False,False,False
SRB,2022,False,False,False,False,False,False,False,False,False
SRB,2023,False,False,False,False,False,False,False,False,False
SRB,2024,False,False,False,False,False,False,False,False,False
BIH,1995,False,False,False,False,False,False,False,False,False
BIH,1996,False,False,False,False,False,False,False,False,False
BIH,1997,False,False,False,False,False,False,False,False,False
BIH,1998,False,False,False,False,False,False,False,False,False
BIH,1999,False,False,False,False,False,False,False,False,False
BIH,2000,False,False,False,False,False,False,False,False,False
BIH,2001,False,False,False,False,False,False,False,False,False
BIH,2002,False,False,False,False,False,False,False,False,False
BIH,2003,False,False,False,False,False,False,False,False,False
BIH,2004,False,False,False,False,False,False,False,False,False
BIH,2005,False,False,False,False,False,False,False,False,False
BIH,2006,False,False,False,False,False,False,False,False,False
BIH,2007,False,False,False,False,True,False,False,False,True
BIH,2008,False,False,False,False,False,False,False,False,False
BIH,2009,False,False,False,False,False,False,False,False,False
BIH,2010,True,False,False,False,False,False,False,False,True
BIH,2011,True,False,False,False,False,False,False,False,True
BIH,2012,False,False,False,False,False,False,False,False,False
BIH,2013,False,False,False,False,False,False,False,False,False
BIH,2014,False,False,False,False,False,False,False,False,False
BIH,2015,False,False,False,False,False,False,False,False,False
BIH,2016,False,False,False,False,False,False,False,False,False
BIH,2017,False,False,False,False,False,False,False,False,False
BIH,2018,False,False,False,False,False,True,True,False,True
BIH,2019,False,False,False,False,False,False,False,False,False
BIH,2020,False,False,False,True,False,False,True,False,True
BIH,2021,False,False,False,False,False,False,False,False,False
BIH,2022,False,False,False,False,False,False,True,False,True
BIH,2023,False,False,False,False,False,True,True,False,True
BIH,2024,False,False,False,False,False,True,True,False,True
MNE,1999,False,False,False,False,False,False,False,False,False
MNE,2000,False,False,False,False,False,False,False,False,False
MNE,2001,False,False,False,False,False,False,False,False,False
MNE,2002,False,False,False,False,False,False,False,False,False
MNE,2003,False,True,False,False,False,False,False,False,True
MNE,2004,False,True,False,False,False,False,False,False,True
MNE,2005,False,False,False,False,False,False,False,False,False
MNE,2006,False,False,False,False,False,False,False,False,False
MNE,2007,False,False,False,False,False,False,False,False,False
MNE,2008,False,False,False,False,False,False,True,False,True
MNE,2009,False,False,False,False,False,False,False,False,False
MNE,2010,True,False,False,False,False,False,False,False,True
MNE,2011,False,False,False,False,False,False,False,False,False
MNE,2012,False,False,False,False,False,False,False,False,False
MNE,2013,False,False,False,False,False,False,False,False,False
MNE,2014,False,False,False,False,False,False,False,False,False
MNE,2015,False,False,False,False,False,False,False,False,False
MNE,2016,False,False,False,False,False,False,False,False,False
MNE,2017,False,False,False,False,False,False,False,False,False
MNE,2018,False,False,False,False,False,False,False,False,False
MNE,2019,False,False,False,False,False,False,True,False,True
MNE,2020,False,False,False,False,False,False,False,False,False
MNE,2021,False,False,False,False,False,False,False,False,False
MNE,2022,False,True,False,False,False,False,False,False,True
MNE,2023,False,False,False,False,False,False,True,False,True
MNE,2024,False,False,False,False,False,False,False,False,False
MKD,1995,False,False,False,False,False,False,False,False,False
MKD,1996,False,False,False,False,False,False,False,False,False
MKD,1997,False,False,False,False,False,False,False,False,False
MKD,1998,False,False,False,False,False,False,False,False,False
MKD,1999,False,False,False,False,False,False,False,False,False
MKD,2000,False,True,False,False,False,False,False,False,True
MKD,2001,False,False,False,False,False,False,False,False,False
MKD,2002,False,False,False,False,False,False,False,False,False
MKD,2003,False,False,False,False,False,False,False,False,False
MKD,2004,False,False,False,False,False,False,False,False,False
MKD,2005,False,False,False,False,False,False,False,False,False
MKD,2006,False,False,False,False,False,False,False,False,False
MKD,2007,False,False,False,False,False,False,False,False,False
MKD,2008,False,False,False,False,False,False,True,False,True
MKD,2009,False,False,False,False,False,False,False,False,False
MKD,2010,True,False,False,False,False,False,False,False,True
MKD,2011,True,False,False,False,False,False,False,False,True
MKD,2012,True,False,False,False,False,False,False,False,True
MKD,2013,False,False,False,False,False,False,False,False,False
MKD,2014,False,False,False,False,False,False,False,False,False
MKD,2015,True,False,False,False,False,False,False,False,True
MKD,2016,False,False,False,False,False,False,False,False,False
MKD,2017,False,False,False,False,False,False,True,False,True
MKD,2018,False,False,False,False,False,False,True,False,True
MKD,2019,False,False,False,False,False,True,True,False,True
MKD,2020,False,True,False,False,False,False,False,False,True
MKD,2021,False,False,False,False,False,False,False,False,False
MKD,2022,False,True,False,False,False,False,True,False,True
MKD,2023,False,True,False,False,False,False,False,False,True
MKD,2024,True,False,False,False,False,False,True,False,True
ALB,1995,False,False,False,False,False,False,False,False,False
ALB,1996,False,False,False,False,False,False,False,False,False
ALB,1997,False,False,False,False,False,False,False,False,False
ALB,1998,False,False,False,False,False,False,False,False,False
ALB,1999,False,False,False,False,False,False,False,False,False
ALB,2000,False,True,False,False,False,False,False,False,True
ALB,2001,False,False,False,False,False,False,False,False,False
ALB,2002,False,False,False,False,False,False,False,False,False
ALB,2003,False,False,False,False,False,False,False,False,False
ALB,2004,False,False,False,False,True,False,False,False,True
ALB,2005,False,False,False,False,False,False,False,False,False
ALB,2006,False,False,False,False,False,False,False,False,False
ALB,2007,False,False,False,False,False,True,False,False,True
ALB,2008,False,False,False,False,False,True,False,False,True
ALB,2009,False,False,False,False,False,True,False,False,True
ALB,2010,False,False,False,False,False,True,False,False,True
ALB,2011,False,False,False,False,False,True,False,False,True
ALB,2012,False,False,False,False,False,True,False,False,True
ALB,2013,False,False,False,False,False,False,False,False,False
ALB,2014,False,False,False,False,False,False,False,False,False
ALB,2015,True,False,False,False,False,False,False,False,True
ALB,2016,False,False,False,False,False,True,False,False,True
ALB,2017,False,False,False,False,False,True,False,False,True
ALB,2018,False,False,False,False,False,True,False,False,True
ALB,2019,False,False,False,False,False,True,False,False,True
ALB,2020,True,False,False,True,False,True,False,False,True
ALB,2021,False,True,False,False,False,True,False,False,True
ALB,2022,False,False,False,False,False,True,True,False,True
ALB,2023,False,False,False,False,False,True,False,False,True
ALB,2024,False,False,False,False,False,True,False,False,True
UKR,2005,False,False,False,False,False,False,False,False,False
UKR,2006,False,False,False,False,False,True,False,False,True
UKR,2007,False,False,False,False,False,True,False,False,True
UKR,2008,False,False,False,False,False,True,False,False,True
UKR,2009,False,False,False,False,False,True,False,False,True
UKR,2010,True,False,False,True,False,True,False,False,True
UKR,2011,True,False,False,True,False,True,False,False,True
UKR,2012,True,False,False,True,False,True,False,False,True
UKR,2013,True,False,False,True,False,True,False,False,True
UKR,2014,True,True,False,True,False,False,False,False,True
UKR,2015,False,False,False,True,False,False,False,False,True
UKR,2016,True,False,False,True,False,False,False,False,True
UKR,2017,True,False,False,True,False,True,True,False,True
UKR,2018,False,False,False,True,False,True,True,False,True
UKR,2019,False,False,False,True,False,True,True,False,True
UKR,2020,False,True,False,False,False,False,False,False,True
UKR,2021,False,True,False,True,False,False,False,False,True
UKR,2022,False,True,False,True,False,False,False,True,True
UKR,2023,False,True,False,False,False,False,False,True,True
UKR,2024,False,True,False,True,False,False,False,True,True
BLR,2005,False,False,False,False,False,False,False,False,False
BLR,2006,False,False,False,False,False,True,False,False,True
BLR,2007,False,False,False,False,False,True,False,False,True
BLR,2008,False,False,False,False,False,True,False,False,True
BLR,2009,False,False,False,False,False,True,False,False,True
BLR,2010,True,False,False,True,False,True,False,False,True
BLR,2011,True,False,False,False,False,True,False,False,True
BLR,2012,True,False,False,False,False,True,False,False,True
BLR,2013,False,False,False,False,False,True,False,False,True
BLR,2014,True,False,False,False,False,True,False,False,True
BLR,2015,True,False,False,False,False,True,False,False,True
BLR,2016,True,False,False,False,False,True,False,False,True
BLR,2017,True,False,False,False,False,True,False,False,True
BLR,2018,False,False,False,False,False,True,False,False,True
BLR,2019,False,False,False,False,False,True,False,False,True
BLR,2020,False,True,False,False,False,False,False,False,True
BLR,2021,False,False,False,False,False,True,True,False,True
BLR,2022,False,False,False,False,False,True,False,False,True
BLR,2023,False,False,False,False,False,True,False,False,True
BLR,2024,False,False,False,False,False,True,False,False,True
MDA,1997,False,False,False,False,False,False,False,False,False
MDA,1998,False,False,False,False,False,False,False,False,False
MDA,1999,False,False,False,False,False,False,False,False,False
MDA,2000,False,True,False,False,False,False,False,False,True
MDA,2001,False,False,False,False,False,False,False,False,False
MDA,2002,False,False,False,False,False,False,False,False,False
MDA,2003,False,False,False,False,False,False,False,False,False
MDA,2004,False,False,False,False,False,False,False,False,False
MDA,2005,False,False,False,False,False,False,False,False,False
MDA,2006,False,True,False,False,False,False,False,False,True
MDA,2007,False,False,False,False,False,False,False,False,False
MDA,2008,False,True,False,False,False,False,False,False,True
MDA,2009,False,False,False,False,False,False,False,False,False
MDA,2010,False,True,False,False,False,False,False,False,True
MDA,2011,False,True,False,False,False,False,False,False,True
MDA,2012,False,True,False,False,False,False,False,False,True
MDA,2013,False,False,False,False,False,False,False,False,False
MDA,2014,False,False,False,False,False,False,False,False,False
MDA,2015,False,False,False,False,False,True,False,False,True
MDA,2016,False,False,False,False,False,True,False,False,True
MDA,2017,False,False,False,False,False,True,False,False,True
MDA,2018,False,False,False,False,False,True,False,False,True
MDA,2019,False,False,False,False,False,True,False,False,True
MDA,2020,False,False,False,False,False,True,False,False,True
MDA,2021,False,False,False,False,False,True,False,False,True
MDA,2022,False,True,False,True,False,False,False,False,True
MDA,2023,False,True,False,True,False,False,False,False,True
MDA,2024,False,False,False,False,False,True,False,False,True
DZA,1995,False,False,False,False,False,False,False,False,False
DZA,1996,False,False,False,False,False,False,False,False,False
DZA,1997,False,False,False,False,False,False,False,False,False
DZA,1998,False,False,False,False,False,False,False,False,False
DZA,1999,False,False,False,False,False,False,False,False,False
DZA,2000,False,False,False,False,False,False,False,False,False
DZA,2001,False,False,False,False,False,False,False,False,False
DZA,2002,False,False,False,False,False,False,False,False,False
DZA,2003,False,False,False,False,False,False,False,False,False
DZA,2004,False,False,False,False,False,False,False,False,False
DZA,2005,False,False,False,False,False,False,False,False,False
DZA,2006,False,False,False,False,False,True,False,False,True
DZA,2007,False,False,False,False,False,True,False,False,True
DZA,2008,False,False,False,False,False,True,False,False,True
DZA,2009,False,False,False,False,False,True,False,False,True
DZA,2010,True,False,False,False,False,True,False,False,True
DZA,2011,True,False,False,False,False,True,False,False,True
DZA,2012,True,False,False,False,False,True,False,False,True
DZA,2013,False,False,False,False,False,True,False,False,True
DZA,2014,True,False,False,False,False,True,False,False,True
DZA,2015,True,False,False,False,False,True,False,False,True
DZA,2016,True,False,False,False,False,True,False,False,True
DZA,2017,False,False,False,True,False,True,False,False,True
DZA,2018,False,False,False,False,False,True,True,False,True
DZA,2019,False,False,False,False,False,True,True,False,True
DZA,2020,False,False,False,False,False,True,True,False,True
DZA,2021,False,False,False,False,False,True,True,False,True
DZA,2022,False,False,False,False,False,True,False,False,True
DZA,2023,False,False,False,False,False,True,False,False,True
DZA,2024,False,False,False,False,False,True,False,False,True
LBY,1995,False,False,False,False,False,False,False,False,False
LBY,1996,False,False,False,False,False,False,False,False,False
LBY,1997,False,False,False,False,False,False,False,False,False
LBY,1998,False,False,False,False,False,False,False,False,False
LBY,1999,False,False,False,False,False,False,False,False,False
LBY,2005,False,False,False,False,False,False,False,False,False
LBY,2006,False,False,False,False,False,True,False,False,True
LBY,2007,False,False,False,False,False,True,False,False,True
LBY,2008,False,False,False,False,False,False,False,False,False
LBY,2009,False,False,False,False,False,True,False,False,True
LBY,2010,False,False,False,False,False,True,False,False,True
LBY,2011,False,False,False,True,False,False,False,False,True
LBY,2012,True,False,False,True,False,False,False,False,True
LBY,2013,True,False,False,False,False,False,False,False,True
LBY,2014,True,False,False,False,False,False,True,False,True
LBY,2015,False,False,False,False,False,False,False,False,False
LBY,2016,False,False,False,True,False,False,False,False,True
LBY,2017,False,False,False,True,False,False,False,False,True
LBY,2018,False,False,False,True,False,False,False,False,True
LBY,2019,False,False,False,True,False,False,True,False,True
LBY,2020,False,False,False,True,False,False,True,False,True
LBY,2021,False,False,False,True,False,False,True,False,True
LBY,2022,False,False,False,True,False,False,True,False,True
LBY,2023,False,False,False,True,False,False,False,False,True
LBY,2024,False,False,False,True,False,False,True,False,True
MAR,1995,False,False,False,False,False,False,False,False,False
MAR,1996,False,False,False,False,False,False,False,False,False
MAR,1997,False,False,False,False,False,False,False,False,False
MAR,1998,False,False,False,False,False,False,False,False,False
MAR,1999,False,False,False,False,False,False,False,False,False
MAR,2000,False,False,False,False,False,False,False,False,False
MAR,2001,False,False,False,False,False,False,False,False,False
MAR,2002,False,False,False,False,False,False,False,False,False
MAR,2003,False,False,False,False,False,False,False,False,False
MAR,2004,False,False,False,False,False,False,False,False,False
MAR,2005,False,False,False,False,False,False,False,False,False
MAR,2006,False,False,False,False,False,True,False,False,True
MAR,2007,False,False,False,False,False,True,False,False,True
MAR,2008,False,False,False,False,False,True,False,False,True
MAR,2009,False,False,False,False,False,True,False,False,True
MAR,2010,False,False,False,False,False,True,False,False,True
MAR,2011,False,False,False,False,False,True,False,False,True
MAR,2012,False,False,False,False,False,True,False,False,True
MAR,2013,False,False,False,False,False,False,False,False,False
MAR,2014,False,False,False,False,False,False,False,False,False
MAR,2015,False,False,False,False,False,True,False,False,True
MAR,2016,False,False,False,False,False,False,False,False,False
MAR,2017,False,False,False,False,False,False,False,False,False
MAR,2018,False,False,False,False,False,True,False,False,True
MAR,2019,False,False,False,False,False,True,False,False,True
MAR,2020,False,True,False,False,False,True,False,False,True
MAR,2021,False,False,False,False,False,True,False,False,True
MAR,2022,False,False,False,False,False,True,False,False,True
MAR,2023,False,False,False,False,False,True,False,False,True
MAR,2024,False,True,False,False,False,True,False,False,True
TUN,1995,False,False,False,False,False,False,False,False,False
TUN,1996,False,False,False,False,False,False,False,False,False
TUN,1997,False,False,False,False,False,False,False,False,False
TUN,1998,False,False,False,False,False,False,False,False,False
TUN,1999,False,False,False,False,False,False,False,False,False
TUN,2000,False,False,False,False,False,False,False,False,False
TUN,2001,False,False,False,False,False,False,False,False,False
TUN,2002,False,False,False,False,False,False,False,False,False
TUN,2003,False,False,False,False,False,False,False,False,False
TUN,2004,False,False,False,False,False,False,False,False,False
TUN,2005,False,False,False,False,False,False,False,False,False
TUN,2006,False,False,False,False,False,True,False,False,True
TUN,2007,False,False,False,False,False,True,False,False,True
TUN,2008,False,False,False,False,False,True,False,False,True
TUN,2009,False,False,False,False,False,True,False,False,True
TUN,2010,False,False,False,False,False,True,False,False,True
TUN,2011,False,False,False,False,False,True,False,False,True
TUN,2012,False,False,False,False,False,True,False,False,True
TUN,2013,False,False,False,False,False,True,False,False,True
TUN,2014,False,False,False,False,False,True,False,False,True
TUN,2015,False,False,False,False,False,True,False,False,True
TUN,2016,False,False,False,False,False,True,False,False,True
TUN,2017,False,False,False,False,False,True,False,False,True
TUN,2018,False,False,False,False,False,True,False,False,True
TUN,2019,False,False,False,False,False,True,False,False,True
TUN,2020,False,False,False,False,False,True,False,False,True
TUN,2021,False,False,False,False,False,False,False,False,False
TUN,2022,False,True,False,False,False,False,False,False,True
TUN,2023,False,False,False,False,False,True,False,False,True
TUN,2024,False,False,False,False,False,True,False,False,True
EGY,1995,False,False,False,False,False,False,False,False,False
EGY,1996,False,False,False,False,False,False,False,False,False
EGY,1997,False,False,False,False,False,False,False,False,False
EGY,1998,False,False,False,False,False,False,False,False,False
EGY,1999,False,False,False,False,False,False,False,False,False
EGY,2000,False,False,False,False,False,False,False,False,False
EGY,2001,False,False,False,False,False,False,False,False,False
EGY,2002,False,False,False,False,False,False,False,False,False
EGY,2003,False,False,False,False,False,False,False,False,False
EGY,2004,False,False,False,False,False,False,False,False,False
EGY,2005,False,False,False,False,False,False,False,False,False
EGY,2006,False,False,False,False,False,False,False,False,False
EGY,2007,False,False,False,False,False,False,False,False,False
EGY,2008,False,False,False,False,False,False,False,False,False
EGY,2009,False,False,False,False,False,False,False,False,False
EGY,2010,False,False,False,False,False,False,False,False,False
EGY,2011,False,False,False,False,False,False,False,False,False
EGY,2012,False,False,False,False,False,False,False,False,False
EGY,2013,False,True,False,False,False,False,False,False,True
EGY,2014,False,False,False,False,False,False,False,False,False
EGY,2015,False,True,False,False,False,False,False,False,True
EGY,2016,False,True,False,False,False,False,False,False,True
EGY,2017,False,False,False,False,False,False,False,False,False
EGY,2018,False,False,False,False,False,False,False,False,False
EGY,2019,False,False,False,False,False,False,False,False,False
EGY,2020,False,False,False,False,False,False,False,False,False
EGY,2021,False,True,False,False,False,False,False,False,True
EGY,2022,False,True,False,False,False,False,False,False,True
EGY,2023,False,False,False,False,False,False,False,False,False
EGY,2024,False,True,False,False,False,False,False,False,True
ZAF,1995,False,False,False,False,True,False,False,False,True
ZAF,1996,False,False,False,False,False,False,False,False,False
ZAF,1997,False,False,False,False,False,False,False,False,False
ZAF,1998,False,False,False,False,False,False,False,False,False
ZAF,1999,False,False,False,False,False,False,False,False,False
ZAF,2000,False,False,False,False,False,False,False,False,False
ZAF,2001,False,False,False,False,False,False,False,False,False
ZAF,2002,False,False,False,False,True,False,False,False,True
ZAF,2003,False,False,False,False,True,False,False,False,True
ZAF,2004,False,False,False,False,True,False,False,False,True
ZAF,2005,False,False,False,False,False,False,False,False,False
ZAF,2006,False,False,False,False,False,False,False,False,False
ZAF,2007,False,False,False,False,False,False,False,False,False
ZAF,2008,False,False,False,False,False,False,False,False,False
ZAF,2009,False,False,False,False,False,False,False,False,False
ZAF,2010,True,False,False,False,False,False,False,False,True
ZAF,2011,False,False,False,False,False,False,False,False,False
ZAF,2012,False,False,False,False,False,False,False,False,False
ZAF,2013,False,False,False,False,False,False,False,False,False
ZAF,2014,False,False,False,False,False,False,False,False,False
ZAF,2015,False,False,False,False,False,False,False,False,False
ZAF,2016,False,False,False,False,False,False,False,False,False
ZAF,2017,False,False,False,False,False,False,True,False,True
ZAF,2018,False,False,False,False,False,False,True,False,True
ZAF,2019,False,False,False,False,False,False,True,False,True
ZAF,2020,False,False,False,False,False,False,True,False,True
ZAF,2021,False,False,False,False,True,False,True,False,True
ZAF,2022,False,False,False,False,False,False,True,False,True
ZAF,2023,False,False,False,False,False,False,True,False,True
ZAF,2024,False,True,False,False,False,False,False,False,True
AGO,1995,False,False,False,False,False,False,False,False,False
AGO,1996,False,False,False,False,False,False,False,False,False
AGO,1997,False,False,False,False,False,False,False,False,False
AGO,1998,False,False,False,False,False,False,False,False,False
AGO,1999,False,False,False,False,False,False,False,False,False
AGO,2000,False,False,False,False,False,False,False,False,False
AGO,2001,False,False,False,False,False,False,False,False,False
AGO,2002,False,False,False,False,False,False,False,False,False
AGO,2003,False,False,False,False,False,False,False,False,False
AGO,2004,False,False,False,False,False,False,False,False,False
AGO,2005,False,False,False,False,False,False,False,False,False
AGO,2006,False,False,False,False,False,False,False,False,False
AGO,2007,False,False,False,False,False,False,False,False,False
AGO,2008,False,False,False,False,False,False,False,False,False
AGO,2009,False,False,False,False,False,False,False,False,False
AGO,2010,False,False,False,False,False,False,False,False,False
AGO,2011,False,False,False,False,False,False,False,False,False
AGO,2012,False,False,False,False,False,False,False,False,False
AGO,2013,False,False,False,False,False,False,False,False,False
AGO,2014,False,False,False,False,False,False,False,False,False
AGO,2015,False,True,False,False,False,False,False,False,True
AGO,2016,False,False,False,False,True,False,False,False,True
AGO,2017,False,False,False,False,True,False,True,False,True
AGO,2018,False,False,False,False,True,False,True,False,True
AGO,2019,False,False,False,False,True,False,True,False,True
AGO,2020,False,False,False,False,True,False,True,False,True
AGO,2021,False,False,False,True,True,False,True,False,True
AGO,2022,False,False,False,False,True,False,True,False,True
AGO,2023,False,False,False,False,True,False,True,False,True
AGO,2024,False,False,False,False,False,False,True,False,True
BWA,1995,False,False,False,False,False,False,False,False,False
BWA,1996,False,False,False,False,False,False,False,False,False
BWA,1997,False,False,False,False,False,False,False,False,False
BWA,1998,False,False,False,False,False,False,False,False,False
BWA,1999,False,False,False,False,False,False,False,False,False
BWA,2000,False,False,False,False,False,False,False,False,False
BWA,2001,False,False,False,False,False,False,False,False,False
BWA,2002,False,False,False,False,False,False,False,False,False
BWA,2003,False,False,False,False,False,False,False,False,False
BWA,2004,False,False,False,False,False,False,False,False,False
BWA,2005,False,False,False,False,False,False,False,False,False
BWA,2006,False,False,False,False,False,False,False,False,False
BWA,2007,False,False,False,False,False,False,False,False,False
BWA,2008,False,False,False,False,False,False,False,False,False
BWA,2009,False,False,False,False,False,False,False,False,False
BWA,2010,True,False,False,False,False,False,False,False,True
BWA,2011,False,False,False,False,False,False,False,False,False
BWA,2012,True,False,False,False,False,False,False,False,True
BWA,2013,False,False,False,False,False,False,False,False,False
BWA,2014,False,False,False,False,False,False,False,False,False
BWA,2015,False,False,False,False,False,False,False,False,False
BWA,2016,True,False,False,False,False,False,False,False,True
BWA,2017,False,False,False,False,False,False,False,False,False
BWA,2018,True,False,False,False,False,False,False,False,True
BWA,2019,True,False,False,False,False,False,True,False,True
BWA,2020,False,False,False,False,False,False,True,False,True
BWA,2021,False,False,False,False,False,False,True,False,True
BWA,2022,False,False,False,False,False,False,True,False,True
BWA,2023,False,True,False,False,False,False,False,False,True
BWA,2024,True,False,False,False,False,False,True,False,True
BDI,1995,False,False,False,False,False,False,False,False,False
BDI,1996,False,False,False,False,False,False,False,False,False
BDI,1997,False,False,False,False,False,False,False,False,False
BDI,1998,False,False,False,False,False,False,False,False,False
BDI,1999,False,False,False,False,False,False,False,False,False
BDI,2000,False,False,False,False,False,False,False,False,False
BDI,2001,False,False,False,False,False,False,False,False,False
BDI,2002,False,False,False,False,False,False,False,False,False
BDI,2003,False,False,False,False,False,False,False,False,False
BDI,2004,False,False,False,False,False,False,False,True,True
BDI,2005,False,False,False,False,False,False,False,True,True
BDI,2006,False,False,False,False,False,False,False,True,True
BDI,2007,False,False,False,False,False,False,False,True,True
BDI,2008,False,False,False,False,False,False,False,True,True
BDI,2009,False,False,False,False,False,False,False,True,True
BDI,2010,False,False,False,False,False,False,False,True,True
BDI,2011,False,False,False,False,True,False,False,True,True
BDI,2012,False,False,False,False,False,False,False,True,True
BDI,2013,False,False,False,True,True,False,False,True,True
BDI,2014,False,False,False,False,True,False,False,True,True
BDI,2015,False,False,False,False,True,False,False,False,True
BDI,2016,False,False,False,True,False,False,False,True,True
BDI,2017,False,False,False,False,True,False,False,True,True
BDI,2018,False,False,False,False,True,False,False,False,True
BDI,2019,False,False,False,False,True,False,False,True,True
BDI,2020,False,False,False,False,True,False,False,True,True
BDI,2021,False,False,False,False,True,False,False,True,True
BDI,2022,False,False,False,False,False,False,False,True,True
BDI,2023,False,False,False,False,False,False,False,True,True
BDI,2024,False,False,False,False,False,False,False,False,False
CMR,1995,False,False,False,False,False,False,False,False,False
CMR,1996,False,False,False,False,False,False,False,False,False
CMR,1997,False,False,False,False,False,False,False,False,False
CMR,1998,False,False,False,False,False,False,False,False,False
CMR,1999,False,False,False,False,False,False,False,False,False
CMR,2000,False,False,False,False,False,False,False,False,False
CMR,2001,False,False,False,False,False,False,False,False,False
CMR,2002,False,False,False,False,False,False,False,False,False
CMR,2003,False,False,False,False,False,False,False,False,False
CMR,2004,False,False,False,False,False,False,False,False,False
CMR,2005,False,False,False,False,False,False,False,False,False
CMR,2006,False,False,False,False,False,False,False,True,True
CMR,2007,False,False,False,False,False,False,False,False,False
CMR,2008,False,False,False,False,False,True,False,False,True
CMR,2009,False,False,False,False,False,True,False,False,True
CMR,2010,False,False,False,False,False,True,False,False,True
CMR,2011,False,False,False,False,False,True,False,False,True
CMR,2012,False,False,False,False,False,True,False,False,True
CMR,2013,False,False,False,False,False,True,False,False,True
CMR,2014,False,False,False,False,False,True,False,False,True
CMR,2015,False,False,False,True,False,True,False,False,True
CMR,2016,False,False,False,False,False,True,False,False,True
CMR,2017,False,True,False,False,False,False,False,False,True
CMR,2018,False,False,False,False,False,False,False,False,False
CMR,2019,False,True,False,False,False,False,False,False,True
CMR,2020,False,True,False,False,False,False,False,False,True
CMR,2021,False,False,False,False,False,True,False,False,True
CMR,2022,False,False,False,False,False,False,False,False,False
CMR,2023,False,False,False,False,False,True,False,False,True
CMR,2024,False,False,False,False,False,True,False,False,True
CPV,1995,False,False,False,False,False,False,False,False,False
CPV,1996,False,False,False,False,False,False,False,False,False
CPV,1997,False,False,False,False,False,False,False,False,False
CPV,1998,False,False,False,False,False,False,False,False,False
CPV,1999,False,False,False,False,False,False,False,False,False
CPV,2000,False,False,False,False,False,False,False,False,False
CPV,2001,False,False,False,False,False,False,False,False,False
CPV,2002,False,False,False,False,False,False,False,False,False
CPV,2003,False,False,False,False,False,False,False,True,True
CPV,2004,False,False,False,False,False,False,False,False,False
CPV,2005,False,False,False,False,False,False,False,True,True
CPV,2006,False,False,False,False,False,True,False,False,True
CPV,2007,False,False,False,False,False,True,False,False,True
CPV,2008,False,False,False,False,False,True,False,False,True
CPV,2009,False,False,False,False,False,True,False,False,True
CPV,2010,False,False,False,False,False,False,False,True,True
CPV,2011,False,False,False,False,False,False,False,False,False
CPV,2012,False,False,False,False,False,False,False,True,True
CPV,2013,False,False,False,False,False,False,False,False,False
CPV,2014,False,False,False,False,False,False,False,False,False
CPV,2015,False,False,False,False,False,False,False,False,False
CPV,2016,False,False,False,False,False,True,False,False,True
CPV,2017,False,False,False,False,False,False,False,False,False
CPV,2018,False,False,False,False,False,True,False,False,True
CPV,2019,False,True,False,False,False,False,False,False,True
CPV,2020,False,True,False,False,False,False,False,False,True
CPV,2021,False,False,False,False,False,False,True,False,True
CPV,2022,False,True,False,False,False,False,True,False,True
CPV,2023,False,True,False,False,False,False,False,False,True
CPV,2024,False,True,False,False,False,False,True,False,True
CAF,1995,False,False,False,False,False,False,False,False,False
CAF,1996,False,False,False,False,False,False,False,False,False
CAF,1997,False,False,False,False,False,False,False,False,False
CAF,1998,False,False,False,False,False,False,False,False,False
CAF,1999,False,False,False,False,False,False,False,False,False
CAF,2000,False,False,False,False,False,False,False,False,False
CAF,2001,False,False,False,False,False,False,False,False,False
CAF,2002,False,False,False,False,False,False,False,False,False
CAF,2003,False,False,False,False,False,False,False,False,False
CAF,2004,False,False,False,False,False,False,False,False,False
CAF,2005,False,False,False,False,False,False,False,False,False
CAF,2006,False,True,False,False,False,False,False,False,True
CAF,2007,False,False,False,False,False,False,False,False,False
CAF,2008,False,False,False,False,False,False,False,False,False
CAF,2009,False,False,False,False,False,False,False,True,True
CAF,2010,False,False,False,True,False,False,False,False,True
CAF,2011,False,False,False,True,False,False,False,False,True
CAF,2012,False,False,False,True,False,False,False,False,True
CAF,2013,False,False,False,True,False,False,False,False,True
CAF,2014,False,False,False,True,False,False,False,True,True
CAF,2015,False,False,False,True,False,False,False,True,True
CAF,2016,False,False,False,True,False,False,False,True,True
CAF,2017,False,False,False,True,False,False,False,True,True
CAF,2018,False,False,False,True,False,False,False,True,True
CAF,2019,False,False,False,True,False,False,False,True,True
CAF,2020,False,False,False,True,False,False,False,True,True
CAF,2021,False,False,False,True,False,False,False,True,True
CAF,2022,False,False,False,True,False,False,False,True,True
CAF,2023,False,False,False,True,False,False,False,True,True
CAF,2024,False,False,False,True,False,False,False,True,True
TCD,1995,False,False,False,False,False,False,False,False,False
TCD,1996,False,False,False,False,False,False,False,False,False
TCD,1997,False,False,False,False,False,False,False,False,False
TCD,1998,False,False,False,False,False,False,False,False,False
TCD,1999,False,False,False,False,False,False,False,False,False
TCD,2000,False,False,False,False,False,False,False,False,False
TCD,2001,False,False,False,False,False,False,False,False,False
TCD,2002,False,False,False,False,False,False,False,False,False
TCD,2003,False,False,False,False,False,False,False,False,False
TCD,2004,False,False,False,False,False,False,False,False,False
TCD,2005,False,False,False,False,False,False,False,False,False
TCD,2006,False,False,False,False,False,False,False,False,False
TCD,2007,False,False,False,False,False,False,False,False,False
TCD,2008,False,False,False,False,False,False,False,False,False
TCD,2009,False,False,False,False,False,False,False,False,False
TCD,2010,False,False,False,True,False,False,False,False,True
TCD,2011,False,False,False,True,False,False,False,False,True
TCD,2012,False,False,False,True,False,False,False,False,True
TCD,2013,False,False,False,True,False,False,False,False,True
TCD,2014,False,False,False,True,False,False,False,False,True
TCD,2015,False,False,False,True,False,False,False,False,True
TCD,2016,False,True,False,True,False,False,False,False,True
TCD,2017,False,True,False,True,False,False,False,False,True
TCD,2018,False,False,False,True,False,False,False,False,True
TCD,2019,False,False,False,True,False,False,False,False,True
TCD,2020,False,True,False,True,False,False,False,False,True
TCD,2021,False,False,False,True,False,False,False,False,True
TCD,2022,False,False,False,False,False,False,False,False,False
TCD,2023,False,False,False,False,False,False,False,False,False
TCD,2024,False,False,False,False,False,False,False,False,False
COM,1995,False,False,False,False,False,False,False,False,False
COM,1996,False,False,False,False,False,False,False,False,False
COM,1997,False,False,False,False,False,False,False,False,False
COM,1998,False,False,False,False,False,False,False,False,False
COM,1999,False,False,False,False,False,False,False,False,False
COM,2000,False,False,False,False,False,False,False,False,False
COM,2001,False,False,False,False,False,False,False,False,False
COM,2002,False,False,False,False,False,False,False,False,False
COM,2003,False,False,False,False,False,False,False,False,False
COM,2004,False,False,False,False,False,False,False,False,False
COM,2005,False,False,False,False,False,False,False,False,False
COM,2006,False,False,False,False,False,True,False,False,True
COM,2007,False,False,False,False,False,True,False,False,True
COM,2008,False,False,False,False,False,True,False,False,True
COM,2009,False,True,False,False,False,True,False,False,True
COM,2010,False,False,False,False,False,True,False,False,True
COM,2011,True,False,False,False,False,True,False,False,True
COM,2012,False,False,False,False,False,True,False,False,True
COM,2013,False,False,False,False,False,False,False,True,True
COM,2014,False,False,False,False,False,True,False,False,True
COM,2015,True,False,False,False,False,True,False,False,True
COM,2016,False,False,False,False,False,True,False,False,True
COM,2017,False,False,False,False,False,True,False,False,True
COM,2018,False,False,False,False,False,True,False,False,True
COM,2019,False,False,False,False,False,True,False,False,True
COM,2020,False,False,False,False,False,True,False,False,True
COM,2021,False,False,False,False,False,True,False,False,True
COM,2022,False,False,False,False,False,True,False,False,True
COM,2023,False,False,False,False,False,True,False,False,True
COM,2024,False,False,False,False,False,True,False,False,True
COG,1995,False,False,False,False,False,False,False,False,False
COG,1996,False,False,False,False,False,False,False,False,False
COG,1997,False,False,False,False,False,False,False,False,False
COG,1998,False,False,False,False,False,False,False,False,False
COG,1999,False,False,False,False,False,False,False,False,False
COG,2000,False,False,False,False,False,False,False,False,False
COG,2001,False,False,False,False,False,False,False,False,False
COG,2002,False,False,False,False,False,False,False,False,False
COG,2003,False,False,False,False,False,False,False,False,False
COG,2004,False,False,False,False,False,False,False,False,False
COG,2005,False,False,False,False,False,False,False,True,True
COG,2006,False,False,False,False,False,False,False,False,False
COG,2007,False,False,False,False,False,True,False,False,True
COG,2008,False,False,False,False,False,False,False,False,False
COG,2009,False,False,False,False,False,False,False,False,False
COG,2010,False,False,False,False,False,False,False,False,False
COG,2011,False,False,False,False,False,False,False,False,False
COG,2012,False,False,False,False,False,True,False,False,True
COG,2013,False,False,False,False,False,True,False,False,True
COG,2014,False,False,False,False,False,True,False,False,True
COG,2015,False,False,False,False,False,True,False,False,True
COG,2016,False,False,False,False,False,True,False,False,True
COG,2017,False,False,False,False,False,True,False,False,True
COG,2018,False,False,False,True,False,True,False,False,True
COG,2019,False,False,False,False,False,True,True,False,True
COG,2020,False,False,False,True,False,True,False,False,True
COG,2021,False,False,False,True,False,True,False,False,True
COG,2022,False,True,False,False,False,False,False,False,True
COG,2023,False,True,False,False,False,False,False,False,True
COG,2024,False,False,False,False,False,True,False,False,True
COD,1995,False,False,False,False,False,False,False,False,False
COD,1996,False,False,False,False,False,False,False,False,False
COD,1997,False,False,False,False,False,False,False,False,False
COD,1998,False,False,False,False,False,False,False,False,False
COD,1999,False,False,False,False,False,False,False,False,False
COD,2000,False,False,False,False,False,False,False,False,False
COD,2001,False,False,False,False,False,False,False,False,False
COD,2002,False,True,False,False,False,False,False,False,True
COD,2003,False,False,False,False,False,False,False,True,True
COD,2004,False,False,False,False,False,False,False,False,False
COD,2005,False,False,False,False,False,False,False,False,False
COD,2006,False,False,False,False,False,False,False,False,False
COD,2007,False,False,False,False,True,False,False,False,True
COD,2008,False,False,False,False,False,False,False,False,False
COD,2009,False,False,False,False,False,False,False,False,False
COD,2010,False,False,False,True,False,False,False,False,True
COD,2011,False,False,False,False,False,False,False,True,True
COD,2012,False,False,False,True,False,False,False,False,True
COD,2013,False,False,False,True,False,False,False,False,True
COD,2014,False,False,False,True,False,False,False,False,True
COD,2015,False,False,False,True,False,False,False,False,True
COD,2016,False,False,False,True,True,False,False,False,True
COD,2017,False,False,False,True,True,False,False,False,True
COD,2018,False,False,False,True,True,False,False,False,True
COD,2019,False,False,False,True,False,False,False,False,True
COD,2020,False,False,False,True,False,False,False,False,True
COD,2021,False,False,False,True,False,False,False,False,True
COD,2022,False,False,False,True,False,False,False,False,True
COD,2023,False,False,False,False,False,False,False,False,False
COD,2024,False,False,False,False,False,False,False,False,False
BEN,1995,False,False,False,False,False,False,False,False,False
BEN,1996,False,False,False,False,False,False,False,False,False
BEN,1997,False,False,False,False,False,False,False,False,False
BEN,1998,False,False,False,False,False,False,False,False,False
BEN,1999,False,False,False,False,False,False,False,False,False
BEN,2000,False,False,False,False,False,False,False,False,False
BEN,2001,False,False,False,False,False,False,False,False,False
BEN,2002,False,False,False,False,False,False,False,False,False
BEN,2003,False,False,False,False,False,False,False,False,False
BEN,2004,False,False,False,False,False,False,False,False,False
BEN,2005,False,False,False,False,False,False,False,False,False
BEN,2006,False,False,False,False,False,False,False,True,True
BEN,2007,False,False,False,False,False,False,False,False,False
BEN,2008,False,False,False,False,False,False,False,False,False
BEN,2009,False,False,False,False,False,False,False,False,False
BEN,2010,False,False,False,False,False,False,False,False,False
BEN,2011,False,False,False,False,False,False,False,False,False
BEN,2012,False,False,False,False,False,False,False,False,False
BEN,2013,False,False,False,False,False,False,False,False,False
BEN,2014,False,False,False,False,False,False,False,False,False
BEN,2015,False,False,False,False,True,False,False,False,True
BEN,2016,False,False,False,False,True,False,False,False,True
BEN,2017,False,False,False,False,True,False,False,False,True
BEN,2018,False,False,False,False,False,False,True,False,True
BEN,2019,False,False,False,False,False,False,True,False,True
BEN,2020,False,True,False,False,False,False,False,False,True
BEN,2021,False,False,False,False,False,False,False,False,False
BEN,2022,False,False,False,False,False,False,False,False,False
BEN,2023,False,False,False,False,False,False,False,False,False
BEN,2024,False,False,False,False,False,False,False,False,False
ETH,1995,False,False,False,False,False,False,False,False,False
ETH,1996,False,False,False,False,False,False,False,False,False
ETH,1997,False,False,False,False,False,False,False,False,False
ETH,1998,False,False,False,False,False,False,False,False,False
ETH,1999,False,False,False,False,False,False,False,False,False
ETH,2000,False,False,False,False,False,False,False,False,False
ETH,2001,False,False,False,False,False,False,False,False,False
ETH,2002,False,False,False,False,False,False,False,False,False
ETH,2003,False,False,False,False,False,False,False,False,False
ETH,2004,False,False,False,False,False,False,False,False,False
ETH,2005,False,False,False,False,False,False,False,False,False
ETH,2006,False,False,False,False,False,False,False,True,True
ETH,2007,False,False,False,False,False,False,False,False,False
ETH,2008,False,False,False,False,False,False,False,False,False
ETH,2009,False,False,False,False,False,False,False,False,False
ETH,2010,False,False,False,True,False,False,False,False,True
ETH,2011,False,False,False,True,False,False,False,False,True
ETH,2012,False,False,False,True,False,False,False,False,True
ETH,2013,False,False,False,True,False,False,False,False,True
ETH,2014,False,False,False,True,False,False,False,False,True
ETH,2015,False,False,False,True,False,False,False,False,True
ETH,2016,False,False,False,True,False,False,False,False,True
ETH,2017,False,False,False,True,False,False,False,False,True
ETH,2018,False,False,False,True,False,False,False,False,True
ETH,2019,False,False,False,True,False,False,False,False,True
ETH,2020,False,False,False,True,False,False,False,False,True
ETH,2021,False,False,False,True,False,False,False,False,True
ETH,2022,False,False,False,True,False,False,False,False,True
ETH,2023,False,False,False,True,False,False,False,False,True
ETH,2024,False,True,False,False,False,False,False,False,True
GAB,1995,False,False,False,False,False,False,False,False,False
GAB,1996,False,False,False,False,False,False,False,False,False
GAB,1997,False,False,False,False,False,False,False,False,False
GAB,1998,False,False,False,False,False,False,False,False,False
GAB,1999,False,False,False,False,False,False,False,False,False
GAB,2000,False,False,False,False,False,False,False,False,False
GAB,2001,False,False,False,False,False,False,False,False,False
GAB,2002,False,False,False,False,False,False,False,False,False
GAB,2003,False,False,False,False,False,False,False,False,False
GAB,2004,False,False,False,False,False,False,False,False,False
GAB,2005,False,False,False,False,False,False,False,False,False
GAB,2006,False,False,False,False,False,True,False,False,True
GAB,2007,False,False,False,False,False,True,False,False,True
GAB,2008,False,False,False,False,False,True,False,False,True
GAB,2009,False,False,False,False,False,True,False,False,True
GAB,2010,True,False,False,False,False,True,False,False,True
GAB,2011,True,False,False,False,False,True,False,False,True
GAB,2012,True,False,False,False,False,True,False,False,True
GAB,2013,True,False,False,False,False,True,False,False,True
GAB,2014,False,False,False,False,False,True,False,False,True
GAB,2015,False,False,False,False,False,True,False,False,True
GAB,2016,True,False,False,False,False,True,False,False,True
GAB,2017,False,True,False,False,False,True,False,False,True
GAB,2018,False,True,False,False,False,True,False,False,True
GAB,2019,False,True,False,False,False,True,False,False,True
GAB,2020,False,False,False,False,False,True,True,False,True
GAB,2021,False,False,False,True,False,True,True,False,True
GAB,2022,False,False,False,False,False,True,False,False,True
GAB,2023,False,False,False,False,False,True,True,False,True
GAB,2024,True,False,False,False,False,True,True,False,True
GMB,1995,False,False,False,False,False,False,False,False,False
GMB,1996,False,False,False,False,False,False,False,False,False
GMB,1997,False,False,False,False,False,False,False,False,False
GMB,1998,False,False,False,False,False,False,False,False,False
GMB,1999,False,False,False,False,False,False,False,False,False
GMB,2000,False,False,False,False,False,False,False,False,False
GMB,2001,False,False,False,False,False,False,False,False,False
GMB,2002,False,False,False,False,False,False,False,False,False
GMB,2003,False,False,False,False,False,False,False,False,False
GMB,2004,False,False,False,False,False,False,False,False,False
GMB,2005,False,False,False,False,False,False,False,False,False
GMB,2006,False,False,False,False,False,False,False,False,False
GMB,2007,False,False,False,False,False,False,False,True,True
GMB,2008,False,False,False,False,False,False,False,False,False
GMB,2009,False,False,False,False,False,False,False,False,False
GMB,2010,False,False,False,False,False,False,False,False,False
GMB,2011,False,False,False,False,False,False,False,False,False
GMB,2012,False,False,False,False,False,False,False,False,False
GMB,2013,False,False,False,False,False,False,False,False,False
GMB,2014,False,False,False,False,False,False,False,False,False
GMB,2015,True,False,False,False,False,False,False,False,True
GMB,2016,True,False,False,False,False,False,False,False,True
GMB,2017,False,True,False,False,False,False,False,True,True
GMB,2018,True,False,False,False,False,False,False,True,True
GMB,2019,True,False,False,False,False,False,False,False,True
GMB,2020,True,True,False,False,False,False,False,True,True
GMB,2021,True,False,False,False,False,False,False,False,True
GMB,2022,True,False,False,False,False,False,False,False,True
GMB,2023,False,False,False,False,False,False,False,True,True
GMB,2024,False,False,False,False,False,False,False,True,True
GHA,1995,False,False,False,False,False,False,False,False,False
GHA,1996,False,False,False,False,False,False,False,False,False
GHA,1997,False,False,False,False,False,False,False,False,False
GHA,1998,False,False,False,False,False,False,False,False,False
GHA,1999,False,False,False,False,False,False,False,False,False
GHA,2000,False,True,False,False,False,False,False,False,True
GHA,2001,False,False,False,False,False,False,False,False,False
GHA,2002,False,False,False,False,False,False,False,False,False
GHA,2003,False,False,False,False,False,False,False,False,False
GHA,2004,False,False,False,False,False,False,False,False,False
GHA,2005,False,False,False,False,False,False,False,False,False
GHA,2006,False,False,False,False,False,False,False,True,True
GHA,2007,False,False,False,False,False,False,False,False,False
GHA,2008,False,False,False,False,False,False,False,False,False
GHA,2009,False,True,False,False,False,False,False,False,True
GHA,2010,False,True,False,False,False,False,False,False,True
GHA,2011,False,True,False,False,False,False,False,False,True
GHA,2012,False,True,False,False,False,False,False,False,True
GHA,2013,False,False,False,False,False,False,False,False,False
GHA,2014,False,False,False,True,False,False,False,False,True
GHA,2015,False,True,False,False,False,False,False,False,True
GHA,2016,False,False,False,False,False,False,False,False,False
GHA,2017,False,False,False,False,False,False,False,False,False
GHA,2018,False,False,False,True,False,False,False,False,True
GHA,2019,False,False,False,False,False,False,True,False,True
GHA,2020,False,True,False,False,False,False,False,False,True
GHA,2021,False,False,False,False,False,False,False,False,False
GHA,2022,False,False,False,False,False,False,False,False,False
GHA,2023,False,True,False,False,False,False,False,False,True
GHA,2024,False,True,False,False,False,False,False,False,True
GIN,1995,False,False,False,False,False,False,False,False,False
GIN,1996,False,False,False,False,False,False,False,False,False
GIN,1997,False,False,False,False,False,False,False,False,False
GIN,1998,False,False,False,False,False,False,False,False,False
GIN,1999,False,False,False,False,False,False,False,False,False
GIN,2000,False,False,False,False,False,False,False,False,False
GIN,2001,False,True,False,False,False,False,False,False,True
GIN,2002,False,False,False,False,False,False,False,False,False
GIN,2003,False,False,False,False,False,False,False,False,False
GIN,2004,False,False,False,False,False,False,False,False,False
GIN,2005,False,False,False,False,False,False,False,False,False
GIN,2006,False,False,False,False,False,True,False,False,True
GIN,2007,False,False,False,False,False,True,False,False,True
GIN,2008,False,False,False,False,False,False,False,False,False
GIN,2009,False,False,False,False,False,True,False,False,True
GIN,2010,True,False,False,False,False,True,False,False,True
GIN,2011,False,True,False,False,False,True,False,False,True
GIN,2012,False,False,False,False,False,False,False,False,False
GIN,2013,False,False,False,False,False,False,False,False,False
GIN,2014,False,False,False,False,False,False,False,False,False
GIN,2015,False,False,False,True,False,False,False,False,True
GIN,2016,False,False,False,True,False,False,False,False,True
GIN,2017,False,False,False,False,False,False,True,False,True
GIN,2018,False,False,False,False,False,False,True,False,True
GIN,2019,False,False,False,False,False,False,True,False,True
GIN,2020,False,True,False,False,False,False,False,False,True
GIN,2021,False,False,False,False,False,False,True,False,True
GIN,2022,False,False,False,False,False,False,True,False,True
GIN,2023,False,False,False,False,False,False,True,False,True
GIN,2024,False,False,False,False,False,False,True,False,True
GNB,1995,False,False,False,False,False,False,False,False,False
GNB,1996,False,False,False,False,False,False,False,False,False
GNB,1997,False,False,False,False,False,False,False,False,False
GNB,1998,False,False,False,False,False,False,False,False,False
GNB,1999,False,False,False,False,False,False,False,False,False
GNB,2000,False,True,False,False,False,False,False,False,True
GNB,2001,False,False,False,False,False,False,False,False,False
GNB,2002,False,False,False,False,False,False,False,False,False
GNB,2003,False,False,False,False,False,False,False,True,True
GNB,2004,False,False,False,False,True,False,False,False,True
GNB,2005,False,False,False,False,True,False,False,False,True
GNB,2006,False,False,False,False,False,False,False,False,False
GNB,2007,False,False,False,False,False,False,False,False,False
GNB,2008,False,False,False,False,False,False,False,False,False
GNB,2009,False,False,False,False,False,False,False,True,True
GNB,2010,False,False,False,False,False,False,False,True,True
GNB,2011,False,False,False,False,False,False,False,False,False
GNB,2012,False,False,False,False,False,False,False,False,False
GNB,2013,False,False,False,False,False,False,False,False,False
GNB,2014,False,False,False,False,False,False,False,False,False
GNB,2015,False,False,False,False,False,False,False,False,False
GNB,2016,False,False,False,False,False,False,False,True,True
GNB,2017,False,False,False,True,False,False,False,False,True
GNB,2018,False,False,False,False,False,False,False,False,False
GNB,2019,False,False,False,False,False,True,False,False,True
GNB,2020,False,False,False,False,False,True,False,False,True
GNB,2021,False,False,False,False,False,True,False,False,True
GNB,2022,False,False,False,False,False,False,False,False,False
GNB,2023,False,False,False,False,False,False,False,False,False
GNB,2024,False,False,False,False,False,False,False,False,False
GNQ,1995,False,False,False,False,False,False,False,False,False
GNQ,1996,False,False,False,False,False,False,False,False,False
GNQ,1997,False,False,False,False,False,False,False,False,False
GNQ,1998,False,False,False,False,False,False,False,False,False
GNQ,1999,False,False,False,False,False,False,False,False,False
GNQ,2000,False,False,False,False,False,False,False,False,False
GNQ,2001,False,False,False,False,False,False,False,False,False
GNQ,2002,False,False,False,False,False,False,False,False,False
GNQ,2003,False,False,False,False,False,False,False,False,False
GNQ,2004,False,False,False,False,False,False,False,False,False
GNQ,2005,False,False,False,False,False,False,False,False,False
GNQ,2006,False,False,False,False,False,False,True,False,True
GNQ,2007,False,False,False,False,False,False,False,False,False
GNQ,2008,False,False,False,False,False,False,False,False,False
GNQ,2009,False,False,False,False,False,False,False,False,False
GNQ,2010,False,False,False,False,False,False,False,False,False
GNQ,2011,True,False,False,False,False,False,False,False,True
GNQ,2012,True,False,False,False,False,True,True,False,True
GNQ,2013,True,False,False,False,False,False,True,False,True
GNQ,2014,True,False,False,False,False,False,True,False,True
GNQ,2015,True,False,False,False,False,False,True,False,True
GNQ,2016,False,False,False,False,False,False,True,False,True
GNQ,2017,False,False,False,False,False,False,True,False,True
GNQ,2018,True,False,False,False,False,False,True,False,True
GNQ,2019,False,True,False,False,False,False,False,False,True
GNQ,2020,False,False,False,False,False,False,True,False,True
GNQ,2021,True,False,False,False,False,False,True,False,True
GNQ,2022,True,False,False,False,False,False,True,False,True
GNQ,2023,True,False,False,False,False,False,True,False,True
GNQ,2024,True,False,False,False,False,False,True,False,True
CIV,1995,False,False,False,False,False,False,False,False,False
CIV,1996,False,False,False,False,False,False,False,False,False
CIV,1997,False,False,False,False,False,False,False,False,False
CIV,1998,False,False,False,False,False,False,False,False,False
CIV,1999,False,False,False,False,False,False,False,False,False
CIV,2000,False,False,False,False,False,False,False,False,False
CIV,2001,False,False,False,False,False,False,False,False,False
CIV,2002,False,False,False,False,False,False,False,False,False
CIV,2003,False,False,False,False,False,False,False,False,False
CIV,2004,False,False,False,False,False,False,False,False,False
CIV,2005,False,False,False,False,False,False,False,False,False
CIV,2006,False,False,False,False,False,True,False,False,True
CIV,2007,False,False,False,False,False,True,False,False,True
CIV,2008,False,True,False,False,False,False,False,False,True
CIV,2009,False,False,False,False,False,False,False,False,False
CIV,2010,False,False,False,False,False,False,False,False,False
CIV,2011,False,True,False,False,False,False,False,False,True
CIV,2012,False,False,False,False,False,False,False,False,False
CIV,2013,False,False,False,False,False,False,False,False,False
CIV,2014,False,False,False,False,False,False,False,False,False
CIV,2015,False,False,False,False,False,False,False,False,False
CIV,2016,False,False,False,False,False,False,False,False,False
CIV,2017,False,False,False,False,False,False,False,False,False
CIV,2018,False,False,False,False,False,False,False,False,False
CIV,2019,False,False,False,False,False,False,False,False,False
CIV,2020,False,True,False,False,False,False,False,False,True
CIV,2021,False,False,False,False,False,False,False,False,False
CIV,2022,False,False,False,False,False,False,False,False,False
CIV,2023,False,True,False,False,False,False,False,False,True
CIV,2024,False,False,False,False,False,False,False,False,False
KEN,1995,False,False,False,False,False,False,False,False,False
KEN,1996,False,False,False,False,False,False,False,False,False
KEN,1997,False,False,False,False,False,False,False,False,False
KEN,1998,False,False,False,False,False,False,False,False,False
KEN,1999,False,False,False,False,False,False,False,False,False
KEN,2000,False,False,False,False,False,False,False,False,False
KEN,2001,False,False,False,False,False,False,False,False,False
KEN,2002,False,False,False,False,False,False,False,False,False
KEN,2003,False,False,False,False,False,False,False,False,False
KEN,2004,False,False,False,False,True,False,False,False,True
KEN,2005,False,False,False,False,False,False,False,False,False
KEN,2006,False,False,False,False,False,False,False,False,False
KEN,2007,False,False,False,False,True,False,False,False,True
KEN,2008,False,False,False,False,False,False,False,False,False
KEN,2009,False,False,False,False,False,False,False,False,False
KEN,2010,False,False,False,True,False,False,False,False,True
KEN,2011,False,False,False,True,False,False,False,False,True
KEN,2012,False,False,False,True,False,False,False,False,True
KEN,2013,False,False,False,True,False,False,False,False,True
KEN,2014,False,False,False,True,False,False,False,False,True
KEN,2015,False,False,False,True,False,False,False,False,True
KEN,2016,False,False,False,True,False,False,False,False,True
KEN,2017,False,False,False,True,False,False,False,False,True
KEN,2018,False,False,False,True,False,False,False,False,True
KEN,2019,False,False,False,True,False,False,False,False,True
KEN,2020,False,True,False,False,False,False,False,False,True
KEN,2021,False,True,False,False,False,False,False,False,True
KEN,2022,False,False,False,False,False,False,False,False,False
KEN,2023,False,False,False,False,False,False,False,False,False
KEN,2024,False,False,False,False,False,False,False,False,False
LSO,1995,False,False,False,False,False,False,False,False,False
LSO,1996,False,False,False,False,False,False,False,False,False
LSO,1997,False,False,False,False,False,False,False,False,False
LSO,1998,False,False,False,False,False,False,False,False,False
LSO,1999,False,False,False,False,False,False,False,False,False
LSO,2000,False,False,False,False,False,False,False,False,False
LSO,2001,False,False,False,False,False,False,False,False,False
LSO,2002,False,False,False,False,False,False,False,False,False
LSO,2003,False,False,False,False,False,False,False,False,False
LSO,2004,False,False,False,False,False,False,False,False,False
LSO,2005,False,False,False,False,False,False,False,False,False
LSO,2006,False,False,False,False,False,False,False,False,False
LSO,2007,False,False,False,False,False,False,False,False,False
LSO,2008,False,False,False,False,False,False,False,False,False
LSO,2009,False,False,False,False,False,False,False,False,False
LSO,2010,False,True,False,False,False,False,False,False,True
LSO,2011,False,False,False,False,False,False,False,False,False
LSO,2012,False,False,False,False,False,False,False,False,False
LSO,2013,False,False,False,False,False,False,False,True,True
LSO,2014,False,False,False,False,False,False,False,False,False
LSO,2015,False,False,False,False,False,False,False,False,False
LSO,2016,False,False,False,False,False,False,False,False,False
LSO,2017,False,False,False,False,False,False,False,False,False
LSO,2018,False,False,False,False,False,False,False,False,False
LSO,2019,False,False,False,False,False,False,False,False,False
LSO,2020,False,False,False,False,False,False,False,False,False
LSO,2021,False,False,False,False,False,False,False,False,False
LSO,2022,False,False,False,False,False,False,False,False,False
LSO,2023,False,False,False,False,False,False,False,False,False
LSO,2024,False,False,False,False,False,False,True,False,True
LBR,1995,False,False,False,False,False,False,False,False,False
LBR,1996,False,False,False,False,False,False,False,True,True
LBR,1997,False,False,False,False,False,False,False,False,False
LBR,1998,False,False,False,False,False,False,False,False,False
LBR,1999,False,False,False,False,False,False,False,False,False
LBR,2000,False,False,False,False,False,False,False,False,False
LBR,2001,False,False,False,False,False,False,False,False,False
LBR,2002,False,False,False,False,False,False,False,False,False
LBR,2003,False,False,False,False,False,False,False,False,False
LBR,2004,False,False,False,False,False,False,False,False,False
LBR,2005,False,False,False,False,False,False,False,False,False
LBR,2006,False,False,False,False,False,False,False,False,False
LBR,2007,False,False,False,False,False,False,False,True,True
LBR,2008,False,False,False,False,False,False,False,True,True
LBR,2009,False,False,False,False,False,False,False,True,True
LBR,2010,False,False,False,True,False,False,False,True,True
LBR,2011,False,False,False,True,False,False,False,True,True
LBR,2012,False,False,False,True,False,False,False,True,True
LBR,2013,False,False,False,True,False,False,False,True,True
LBR,2014,False,False,False,True,False,False,False,True,True
LBR,2015,False,False,False,True,False,False,False,True,True
LBR,2016,False,False,False,True,False,False,False,True,True
LBR,2017,False,False,False,False,False,False,True,True,True
LBR,2018,False,False,False,False,False,False,True,True,True
LBR,2019,False,False,False,False,False,False,True,True,True
LBR,2020,False,False,False,False,False,False,True,True,True
LBR,2021,False,False,False,False,False,False,True,True,True
LBR,2022,False,False,False,False,False,False,True,False,True
LBR,2023,False,False,False,False,False,False,True,False,True
LBR,2024,False,False,False,False,False,False,True,False,True
MDG,1995,False,False,False,False,False,False,False,False,False
MDG,1996,False,False,False,False,False,False,False,False,False
MDG,1997,False,False,False,False,False,False,False,False,False
MDG,1998,False,False,False,False,False,False,False,False,False
MDG,1999,False,False,False,False,False,False,False,False,False
MDG,2000,False,True,False,False,False,False,False,False,True
MDG,2001,False,False,False,False,False,False,False,False,False
MDG,2002,False,False,False,False,False,False,False,False,False
MDG,2003,False,False,False,False,False,False,False,False,False
MDG,2004,False,False,False,False,False,False,False,True,True
MDG,2005,False,False,False,False,False,False,False,False,False
MDG,2006,False,False,False,False,False,False,False,True,True
MDG,2007,False,False,False,False,False,False,False,False,False
MDG,2008,False,False,False,False,False,False,False,False,False
MDG,2009,False,False,False,False,False,False,False,False,False
MDG,2010,False,False,False,False,False,False,False,False,False
MDG,2011,False,False,False,False,False,False,False,False,False
MDG,2012,False,False,False,False,False,False,False,False,False
MDG,2013,False,False,False,False,False,False,False,False,False
MDG,2014,False,False,False,False,False,False,False,False,False
MDG,2015,False,False,False,False,False,False,False,False,False
MDG,2016,False,False,False,False,False,False,False,False,False
MDG,2017,False,False,False,False,False,False,False,False,False
MDG,2018,False,False,False,False,False,False,False,False,False
MDG,2019,False,False,False,False,False,False,False,False,False
MDG,2020,False,True,False,False,False,False,False,False,True
MDG,2021,False,False,False,False,False,False,False,False,False
MDG,2022,False,False,False,False,False,False,False,False,False
MDG,2023,False,False,False,False,False,False,False,False,False
MDG,2024,False,False,False,False,False,False,False,False,False
MWI,1995,False,False,False,False,False,False,False,False,False
MWI,1996,False,False,False,False,False,False,False,False,False
MWI,1997,False,False,False,False,False,False,False,False,False
MWI,1998,False,False,False,False,False,False,False,False,False
MWI,1999,False,False,False,False,False,False,False,False,False
MWI,2000,False,False,False,False,False,False,False,False,False
MWI,2001,False,False,False,False,False,False,False,False,False
MWI,2002,False,False,False,False,False,False,False,False,False
MWI,2003,False,False,False,False,False,False,False,False,False
MWI,2004,False,False,False,False,False,False,False,False,False
MWI,2005,False,False,False,False,False,False,False,False,False
MWI,2006,False,False,False,False,False,False,False,True,True
MWI,2007,False,False,False,False,False,False,False,False,False
MWI,2008,False,False,False,False,False,False,False,False,False
MWI,2009,False,False,False,False,False,False,False,False,False
MWI,2010,False,True,False,False,False,False,False,False,True
MWI,2011,False,False,False,False,False,False,False,False,False
MWI,2012,False,False,False,True,False,False,False,False,True
MWI,2013,False,False,False,True,False,False,False,False,True
MWI,2014,False,False,False,True,False,False,False,False,True
MWI,2015,False,False,False,True,False,False,False,False,True
MWI,2016,False,False,False,True,False,False,False,False,True
MWI,2017,False,False,False,True,False,False,False,True,True
MWI,2018,False,False,False,True,False,False,False,False,True
MWI,2019,False,False,False,False,False,False,False,False,False
MWI,2020,False,False,False,False,False,False,False,False,False
MWI,2021,False,False,False,False,False,False,True,False,True
MWI,2022,False,False,False,False,False,False,False,False,False
MWI,2023,False,False,False,False,False,False,False,False,False
MWI,2024,False,False,False,False,False,False,True,False,True
MLI,1995,False,False,False,False,False,False,False,False,False
MLI,1996,False,False,False,False,False,False,False,False,False
MLI,1997,False,False,False,False,False,False,False,False,False
MLI,1998,False,False,False,False,False,False,False,False,False
MLI,1999,False,False,False,False,False,False,False,False,False
MLI,2000,False,False,False,False,False,False,False,False,False
MLI,2001,False,False,False,False,False,False,False,False,False
MLI,2002,False,False,False,False,False,False,False,False,False
MLI,2003,False,False,False,False,False,False,False,False,False
MLI,2004,False,False,False,False,False,False,False,False,False
MLI,2005,False,False,False,False,False,False,False,False,False
MLI,2006,False,False,False,False,False,False,False,True,True
MLI,2007,False,False,False,False,False,False,False,False,False
MLI,2008,False,False,False,False,False,False,False,False,False
MLI,2009,False,False,False,False,False,False,False,False,False
MLI,2010,False,False,False,False,False,False,False,False,False
MLI,2011,False,False,False,False,False,False,False,False,False
MLI,2012,False,False,False,True,False,False,False,False,True
MLI,2013,False,False,False,True,False,False,False,False,True
MLI,2014,False,False,False,True,False,False,False,False,True
MLI,2015,False,False,False,False,False,False,False,False,False
MLI,2016,False,False,False,True,False,False,False,False,True
MLI,2017,False,False,False,False,False,False,False,False,False
MLI,2018,False,False,False,True,False,False,False,False,True
MLI,2019,False,True,False,True,False,False,False,False,True
MLI,2020,False,False,False,True,False,False,False,False,True
MLI,2021,False,False,False,True,False,False,False,False,True
MLI,2022,False,False,False,True,False,False,True,False,True
MLI,2023,False,False,False,True,False,False,True,False,True
MLI,2024,False,False,False,True,False,False,True,False,True
MRT,1995,False,False,False,False,False,False,False,False,False
MRT,1996,False,False,False,False,False,False,False,False,False
MRT,1997,False,False,False,False,False,False,False,False,False
MRT,1998,False,False,False,False,False,False,False,False,False
MRT,1999,False,False,False,False,False,False,False,False,False
MRT,2000,False,False,False,False,False,False,False,False,False
MRT,2001,False,False,False,False,False,False,False,False,False
MRT,2002,False,False,False,False,False,False,False,False,False
MRT,2003,False,False,False,False,False,False,False,False,False
MRT,2004,False,False,False,False,False,False,False,False,False
MRT,2005,False,False,False,False,False,False,False,False,False
MRT,2006,False,False,False,False,False,False,False,True,True
MRT,2007,False,False,False,False,False,False,False,False,False
MRT,2008,False,False,False,False,False,False,False,False,False
MRT,2009,False,False,False,False,False,False,False,False,False
MRT,2010,False,False,False,False,False,False,False,False,False
MRT,2011,False,False,False,False,False,False,False,False,False
MRT,2012,False,False,False,False,False,False,False,False,False
MRT,2013,False,False,False,True,False,False,False,False,True
MRT,2014,False,False,False,False,False,False,False,False,False
MRT,2015,False,False,False,False,False,False,False,False,False
MRT,2016,False,False,False,False,False,False,False,False,False
MRT,2017,False,False,False,False,False,False,False,False,False
MRT,2018,False,False,False,False,False,False,False,False,False
MRT,2019,False,False,False,False,False,False,False,False,False
MRT,2020,False,True,False,False,False,False,False,False,True
MRT,2021,False,False,False,False,False,False,False,False,False
MRT,2022,False,False,False,False,False,False,False,False,False
MRT,2023,False,False,False,False,False,False,False,False,False
MRT,2024,False,False,False,False,False,False,False,False,False
MUS,1995,False,False,False,False,False,False,False,False,False
MUS,1996,False,False,False,False,False,False,False,False,False
MUS,1997,False,False,False,False,False,False,False,False,False
MUS,1998,False,False,False,False,False,False,False,False,False
MUS,1999,False,False,False,False,False,False,False,False,False
MUS,2000,False,False,False,False,False,False,False,False,False
MUS,2001,False,False,False,False,False,False,False,False,False
MUS,2002,False,False,False,False,False,False,False,False,False
MUS,2003,False,False,False,False,False,False,False,False,False
MUS,2004,False,False,False,False,False,False,False,False,False
MUS,2005,False,False,False,False,False,False,False,False,False
MUS,2006,False,False,False,False,False,True,False,False,True
MUS,2007,False,True,False,False,False,True,False,False,True
MUS,2008,False,True,False,False,False,True,False,False,True
MUS,2009,False,True,False,False,False,True,False,False,True
MUS,2010,False,True,False,False,False,True,False,False,True
MUS,2011,False,True,False,False,False,False,False,False,True
MUS,2012,False,True,False,False,False,False,False,False,True
MUS,2013,False,True,False,False,False,False,False,False,True
MUS,2014,False,True,False,False,False,True,False,False,True
MUS,2015,False,False,False,False,False,False,False,False,False
MUS,2016,False,True,False,False,False,True,False,False,True
MUS,2017,True,False,False,False,False,True,False,False,True
MUS,2018,False,False,False,True,False,True,False,False,True
MUS,2019,False,False,False,False,False,True,True,False,True
MUS,2020,False,False,False,False,False,False,False,False,False
MUS,2021,False,True,False,False,False,False,False,False,True
MUS,2022,False,False,False,False,False,True,False,False,True
MUS,2023,False,False,False,False,False,True,False,False,True
MUS,2024,False,False,False,False,False,True,False,False,True
MOZ,1995,False,False,False,False,False,False,False,True,True
MOZ,1996,False,False,False,False,False,False,False,False,False
MOZ,1997,False,False,False,False,False,False,False,False,False
MOZ,1998,False,False,False,False,False,False,False,False,False
MOZ,1999,False,False,False,False,False,False,False,False,False
MOZ,2000,False,False,False,False,False,False,False,False,False
MOZ,2001,False,False,False,False,False,False,False,True,True
MOZ,2002,False,False,False,False,False,False,False,True,True
MOZ,2003,False,False,False,False,False,False,False,True,True
MOZ,2004,False,False,False,False,False,False,False,True,True
MOZ,2005,False,False,False,False,False,False,False,True,True
MOZ,2006,False,False,False,False,False,False,False,True,True
MOZ,2007,False,False,False,False,False,False,False,True,True
MOZ,2008,False,False,False,False,False,False,False,True,True
MOZ,2009,False,False,False,False,False,False,False,True,True
MOZ,2010,False,True,False,True,False,False,False,True,True
MOZ,2011,False,False,False,True,False,False,False,True,True
MOZ,2012,False,False,False,False,False,False,False,True,True
MOZ,2013,False,False,False,False,False,False,False,True,True
MOZ,2014,False,False,False,True,False,False,False,False,True
MOZ,2015,False,False,False,False,False,False,False,False,False
MOZ,2016,False,False,False,True,False,False,False,False,True
MOZ,2017,False,False,False,False,False,False,False,False,False
MOZ,2018,False,False,False,True,False,False,False,False,True
MOZ,2019,False,False,False,True,False,False,False,False,True
MOZ,2020,False,False,False,True,False,False,False,False,True
MOZ,2021,False,False,False,True,False,False,False,False,True
MOZ,2022,False,False,False,False,False,False,False,False,False
MOZ,2023,False,False,False,False,False,False,False,False,False
MOZ,2024,False,False,False,False,False,False,False,False,False
NER,1995,False,False,False,False,False,False,False,False,False
NER,1996,False,False,False,False,False,False,False,False,False
NER,1997,False,False,False,False,False,False,False,False,False
NER,1998,False,False,False,False,False,False,False,False,False
NER,1999,False,False,False,False,False,False,False,False,False
NER,2000,False,False,False,False,False,False,False,False,False
NER,2001,False,False,False,False,False,False,False,False,False
NER,2002,False,False,False,False,False,False,False,False,False
NER,2003,False,False,False,False,False,False,False,False,False
NER,2004,False,False,False,False,False,False,False,False,False
NER,2005,False,False,False,False,False,False,False,False,False
NER,2006,False,False,False,False,False,False,False,True,True
NER,2007,False,False,False,False,False,False,False,False,False
NER,2008,False,False,False,False,False,False,False,False,False
NER,2009,False,False,False,False,False,False,False,False,False
NER,2010,False,False,False,True,False,False,False,False,True
NER,2011,False,False,False,True,False,False,False,False,True
NER,2012,False,False,False,True,False,False,False,False,True
NER,2013,False,False,False,True,False,False,False,False,True
NER,2014,False,False,False,True,False,False,False,False,True
NER,2015,False,False,False,True,False,False,False,False,True
NER,2016,False,False,False,True,False,False,False,False,True
NER,2017,False,False,False,True,False,False,False,False,True
NER,2018,False,False,False,True,False,False,False,False,True
NER,2019,False,True,False,True,False,False,False,False,True
NER,2020,False,True,False,True,False,False,False,True,True
NER,2021,False,False,False,True,False,False,False,False,True
NER,2022,False,False,False,False,False,False,False,False,False
NER,2023,False,False,False,True,False,False,True,False,True
NER,2024,False,False,False,False,False,False,False,False,False
NGA,1995,False,False,False,False,False,False,False,False,False
NGA,1996,False,False,False,False,False,False,False,False,False
NGA,1997,False,False,False,False,False,False,False,False,False
NGA,1998,False,False,False,False,False,False,False,False,False
NGA,1999,False,False,False,False,False,False,False,False,False
NGA,2000,False,False,False,False,False,False,False,False,False
NGA,2001,False,False,False,False,False,False,False,False,False
NGA,2002,False,False,False,False,False,False,False,False,False
NGA,2003,False,False,False,False,False,False,False,False,False
NGA,2004,False,False,False,False,False,False,False,False,False
NGA,2005,False,False,False,False,False,False,False,False,False
NGA,2006,False,False,False,False,False,False,False,False,False
NGA,2007,False,False,False,False,False,False,False,False,False
NGA,2008,False,False,False,False,False,False,False,False,False
NGA,2009,False,False,False,False,False,False,False,False,False
NGA,2010,False,False,False,False,False,False,False,False,False
NGA,2011,True,False,False,False,False,False,False,False,True
NGA,2012,True,False,False,False,False,False,False,False,True
NGA,2013,False,False,False,False,False,False,False,False,False
NGA,2014,False,False,False,False,False,False,False,False,False
NGA,2015,False,False,False,False,False,False,False,False,False
NGA,2016,False,False,False,True,False,False,False,False,True
NGA,2017,False,False,False,True,False,False,False,False,True
NGA,2018,False,False,False,True,False,False,False,False,True
NGA,2019,False,False,False,True,False,False,False,False,True
NGA,2020,False,False,False,True,False,False,False,False,True
NGA,2021,False,False,False,True,False,False,False,False,True
NGA,2022,False,False,False,False,False,False,False,False,False
NGA,2023,False,False,False,False,False,False,False,False,False
NGA,2024,False,False,False,False,False,False,False,False,False
ZWE,1995,False,False,False,False,False,False,False,False,False
ZWE,1996,False,False,False,False,False,False,False,False,False
ZWE,1997,False,False,False,False,False,False,False,False,False
ZWE,1998,False,False,False,False,False,False,False,False,False
ZWE,1999,False,False,False,False,False,False,False,False,False
ZWE,2000,False,False,False,False,False,False,False,False,False
ZWE,2001,False,False,False,False,False,False,False,False,False
ZWE,2002,False,False,False,False,True,False,False,False,True
ZWE,2003,False,False,False,False,True,False,False,False,True
ZWE,2004,False,False,False,False,True,False,False,False,True
ZWE,2005,False,False,False,False,True,False,False,False,True
ZWE,2006,False,False,False,False,False,False,False,False,False
ZWE,2007,False,False,False,False,True,False,False,False,True
ZWE,2008,False,False,False,False,False,False,False,False,False
ZWE,2009,False,False,False,False,False,False,False,False,False
ZWE,2010,False,False,False,True,False,False,False,False,True
ZWE,2011,False,False,False,True,True,False,False,False,True
ZWE,2012,False,False,False,True,False,False,False,False,True
ZWE,2013,False,False,False,True,True,False,False,False,True
ZWE,2014,False,False,False,True,True,False,False,False,True
ZWE,2015,False,False,False,True,True,False,False,False,True
ZWE,2016,False,False,False,True,True,False,False,False,True
ZWE,2017,False,False,False,True,True,False,True,False,True
ZWE,2018,False,False,False,True,True,False,True,False,True
ZWE,2019,False,False,False,True,False,False,True,False,True
ZWE,2020,False,False,False,True,False,False,True,False,True
ZWE,2021,False,False,False,True,False,False,True,False,True
ZWE,2022,False,False,False,False,False,False,True,False,True
ZWE,2023,False,False,False,False,False,False,True,False,True
ZWE,2024,False,False,False,False,False,False,True,False,True
RWA,1995,False,False,False,False,False,False,False,False,False
RWA,1996,False,False,False,False,False,False,False,False,False
RWA,1997,False,False,False,False,False,False,False,False,False
RWA,1998,False,False,False,False,False,False,False,False,False
RWA,1999,False,False,False,False,False,False,False,False,False
RWA,2000,False,False,False,False,False,False,False,False,False
RWA,2001,False,False,False,False,False,False,False,False,False
RWA,2002,False,False,False,False,False,False,False,False,False
RWA,2003,False,False,False,False,False,False,False,False,False
RWA,2004,False,False,False,False,False,False,False,True,True
RWA,2005,False,False,False,False,False,False,False,True,True
RWA,2006,False,False,False,False,False,False,False,True,True
RWA,2007,False,False,False,False,False,False,False,True,True
RWA,2008,False,False,False,False,False,False,False,True,True
RWA,2009,False,False,False,False,False,False,False,True,True
RWA,2010,False,True,False,True,False,False,False,True,True
RWA,2011,False,True,False,False,False,False,False,True,True
RWA,2012,False,False,False,False,False,False,False,False,False
RWA,2013,False,False,False,False,False,False,False,False,False
RWA,2014,False,False,False,False,False,False,False,False,False
RWA,2015,False,False,False,True,False,False,False,False,True
RWA,2016,False,True,False,False,False,False,False,False,True
RWA,2017,False,False,False,False,False,False,False,False,False
RWA,2018,False,False,False,False,False,False,False,False,False
RWA,2019,False,False,False,False,False,False,False,False,False
RWA,2020,False,True,False,False,False,False,False,True,True
RWA,2021,False,False,False,False,False,False,False,False,False
RWA,2022,False,False,False,False,False,False,False,False,False
RWA,2023,False,True,False,False,False,False,False,False,True
RWA,2024,False,False,False,False,False,False,False,False,False
STP,1995,False,False,False,False,False,False,False,True,True
STP,1996,False,False,False,False,False,False,False,False,False
STP,1997,False,False,False,False,False,False,False,False,False
STP,1998,False,False,False,False,False,False,False,False,False
STP,1999,False,False,False,False,False,False,False,False,False
STP,2000,False,False,False,False,False,False,False,True,True
STP,2001,False,False,False,False,False,False,False,True,True
STP,2002,False,False,False,False,False,False,False,True,True
STP,2003,False,False,False,False,False,False,False,True,True
STP,2004,False,False,False,False,False,False,False,True,True
STP,2005,False,False,False,False,True,False,False,True,True
STP,2006,False,False,False,False,False,True,False,True,True
STP,2007,False,False,False,False,False,False,False,True,True
STP,2008,False,False,False,False,False,True,False,True,True
STP,2009,False,False,False,False,False,True,True,False,True
STP,2010,False,False,False,False,False,True,True,True,True
STP,2011,False,False,False,False,False,False,False,True,True
STP,2012,False,False,False,False,False,True,True,True,True
STP,2013,False,False,False,False,False,True,False,True,True
STP,2014,False,False,False,False,False,True,False,True,True
STP,2015,False,False,False,False,False,False,False,True,True
STP,2016,False,False,False,False,False,False,False,True,True
STP,2017,False,False,False,False,False,False,False,True,True
STP,2018,False,False,False,False,False,False,False,True,True
STP,2019,False,False,False,False,False,False,True,True,True
STP,2020,False,True,False,False,False,False,False,True,True
STP,2021,False,False,False,False,False,False,False,True,True
STP,2022,False,False,False,False,False,False,True,True,True
STP,2023,False,False,False,False,False,False,False,True,True
STP,2024,False,False,False,False,False,False,False,True,True
SEN,1995,False,False,False,False,False,False,False,False,False
SEN,1996,False,False,False,False,False,False,False,False,False
SEN,1997,False,False,False,False,False,False,False,False,False
SEN,1998,False,False,False,False,False,False,False,False,False
SEN,1999,False,False,False,False,False,False,False,False,False
SEN,2000,False,False,False,False,False,False,False,False,False
SEN,2001,False,False,False,False,False,False,False,False,False
SEN,2002,False,False,False,False,False,False,False,False,False
SEN,2003,False,False,False,False,False,False,False,False,False
SEN,2004,False,False,False,False,False,False,False,False,False
SEN,2005,False,False,False,False,False,False,False,False,False
SEN,2006,False,False,False,False,False,False,False,True,True
SEN,2007,False,False,False,False,False,True,False,False,True
SEN,2008,False,False,False,False,False,False,False,False,False
SEN,2009,False,False,False,False,False,False,False,False,False
SEN,2010,False,False,False,False,False,False,False,False,False
SEN,2011,False,False,False,False,False,False,False,False,False
SEN,2012,False,False,False,False,False,False,False,False,False
SEN,2013,False,False,False,False,False,False,False,False,False
SEN,2014,False,False,False,False,False,False,False,False,False
SEN,2015,False,False,False,False,False,False,False,False,False
SEN,2016,False,False,False,False,False,False,False,False,False
SEN,2017,False,False,False,False,False,False,True,False,True
SEN,2018,False,False,False,False,False,False,True,False,True
SEN,2019,False,False,False,False,False,False,True,False,True
SEN,2020,False,True,False,False,False,False,False,False,True
SEN,2021,False,False,False,False,False,False,True,False,True
SEN,2022,False,False,False,False,False,False,True,False,True
SEN,2023,False,True,False,False,False,False,False,False,True
SEN,2024,False,False,False,False,False,False,True,False,True
ERI,1995,False,False,False,False,False,False,False,False,False
ERI,1996,False,False,False,False,False,False,False,False,False
ERI,1997,False,False,False,False,False,False,False,False,False
ERI,1998,False,False,False,False,False,False,False,False,False
ERI,1999,False,False,False,False,False,False,False,False,False
ERI,2000,False,False,False,False,False,False,False,False,False
ERI,2001,False,False,False,False,False,False,False,False,False
ERI,2002,False,False,False,False,False,False,False,False,False
ERI,2003,False,False,False,False,False,False,False,True,True
ERI,2004,False,False,False,False,False,False,False,False,False
ERI,2005,False,False,False,False,False,False,False,True,True
ERI,2006,False,False,False,False,False,False,True,False,True
ERI,2007,False,False,False,False,True,False,False,False,True
ERI,2008,False,False,False,False,False,False,False,False,False
ERI,2009,False,False,False,False,False,False,False,False,False
ERI,2010,False,False,False,False,True,False,False,False,True
ERI,2011,False,False,False,False,False,False,False,False,False
ERI,2012,False,True,False,False,False,False,False,False,True
ERI,2013,False,False,False,False,False,False,False,False,False
ERI,2014,False,False,False,False,False,False,False,False,False
ERI,2015,False,False,False,False,False,False,False,False,False
ERI,2016,False,False,False,False,False,False,False,False,False
ERI,2017,False,False,False,False,False,True,True,False,True
ERI,2018,False,False,False,True,False,False,False,False,True
ERI,2019,False,False,False,False,False,False,False,False,False
ERI,2020,False,False,False,True,False,False,True,False,True
ERI,2021,False,False,False,True,True,False,True,False,True
ERI,2022,False,False,False,False,False,False,True,False,True
ERI,2023,False,False,False,False,False,True,False,False,True
ERI,2024,False,False,False,False,False,False,False,False,False
SLE,1995,False,False,False,False,False,False,False,False,False
SLE,1996,False,False,False,False,False,False,False,False,False
SLE,1997,False,False,False,False,False,False,False,False,False
SLE,1998,False,False,False,False,True,False,False,False,True
SLE,1999,False,False,False,False,False,False,False,False,False
SLE,2000,False,False,False,False,False,False,False,False,False
SLE,2001,False,False,False,False,False,False,False,False,False
SLE,2002,False,False,False,False,False,False,False,False,False
SLE,2003,False,False,False,False,False,False,False,False,False
SLE,2004,False,False,False,False,False,False,False,False,False
SLE,2005,False,False,False,False,False,False,False,False,False
SLE,2006,False,False,False,False,False,False,False,True,True
SLE,2007,False,False,False,False,False,False,False,False,False
SLE,2008,False,False,False,False,False,False,False,False,False
SLE,2009,False,False,False,False,False,False,False,False,False
SLE,2010,False,False,False,True,False,False,False,False,True
SLE,2011,False,False,False,True,False,False,False,False,True
SLE,2012,False,False,False,True,False,False,False,False,True
SLE,2013,False,False,False,True,False,False,False,False,True
SLE,2014,False,False,False,True,False,False,False,False,True
SLE,2015,False,False,False,True,False,False,False,True,True
SLE,2016,False,False,False,True,False,False,False,False,True
SLE,2017,False,False,False,True,False,False,False,False,True
SLE,2018,False,False,False,True,False,False,False,False,True
SLE,2019,False,False,False,True,False,False,False,False,True
SLE,2020,False,True,False,False,False,False,False,False,True
SLE,2021,False,False,False,False,False,False,False,False,False
SLE,2022,False,False,False,False,False,False,False,False,False
SLE,2023,False,False,False,False,False,False,False,False,False
SLE,2024,False,False,False,True,False,False,False,False,True
SOM,1995,False,False,False,False,False,False,False,False,False
SOM,1996,False,False,False,False,False,False,False,False,False
SOM,1997,False,False,False,False,False,False,False,False,False
SOM,1998,False,False,False,False,False,False,False,False,False
SOM,1999,False,False,False,False,False,False,False,False,False
SOM,2000,False,False,False,False,False,False,False,False,False
SOM,2001,False,False,False,False,False,False,False,False,False
SOM,2002,False,False,False,False,True,False,False,False,True
SOM,2003,False,False,False,False,False,False,False,False,False
SOM,2004,False,False,False,False,True,False,False,False,True
SOM,2005,False,False,False,False,False,False,False,False,False
SOM,2006,False,False,False,False,False,False,True,False,True
SOM,2007,False,False,False,False,True,False,False,False,True
SOM,2008,False,False,False,False,False,False,False,True,True
SOM,2009,False,False,False,False,False,False,False,True,True
SOM,2010,False,False,False,True,False,False,False,False,True
SOM,2011,False,False,False,True,False,False,False,True,True
SOM,2012,False,False,False,True,False,False,False,True,True
SOM,2013,False,False,False,True,False,False,False,True,True
SOM,2014,False,False,False,True,False,False,False,True,True
SOM,2015,True,False,False,True,False,False,False,True,True
SOM,2016,False,False,False,True,False,False,False,True,True
SOM,2017,False,False,False,True,False,False,False,True,True
SOM,2018,False,False,False,True,False,False,False,True,True
SOM,2019,False,False,False,True,False,False,False,True,True
SOM,2020,False,False,False,True,False,False,False,True,True
SOM,2021,False,False,False,True,False,False,False,True,True
SOM,2022,False,False,False,True,False,False,False,True,True
SOM,2023,False,False,False,True,False,False,False,True,True
SOM,2024,False,False,False,True,False,False,False,True,True
DJI,1995,False,False,False,False,False,False,False,False,False
DJI,1996,False,False,False,False,False,False,False,False,False
DJI,1997,False,False,False,False,False,False,False,False,False
DJI,1998,False,False,False,False,False,False,False,False,False
DJI,1999,False,False,False,False,False,False,False,False,False
DJI,2000,False,False,False,False,False,False,False,False,False
DJI,2001,False,False,False,False,False,False,False,False,False
DJI,2002,False,False,False,False,False,False,False,False,False
DJI,2003,False,False,False,False,False,False,False,False,False
DJI,2004,False,False,False,False,False,False,False,False,False
DJI,2005,False,False,False,False,False,False,False,False,False
DJI,2006,False,False,False,False,False,True,True,False,True
DJI,2007,False,False,False,False,False,True,False,False,True
DJI,2008,False,False,False,False,False,False,False,False,False
DJI,2009,False,False,False,False,False,False,False,False,False
DJI,2010,False,False,False,False,False,False,False,False,False
DJI,2011,False,False,False,False,False,False,False,False,False
DJI,2012,False,True,False,True,False,False,False,False,True
DJI,2013,False,False,False,True,False,False,False,False,True
DJI,2014,True,False,False,False,False,False,False,False,True
DJI,2015,False,False,False,False,False,False,False,False,False
DJI,2016,False,False,False,False,False,False,False,False,False
DJI,2017,False,False,False,False,False,False,False,False,False
DJI,2018,False,False,False,False,False,False,False,False,False
DJI,2019,False,False,False,False,False,False,True,False,True
DJI,2020,False,True,False,False,False,False,True,False,True
DJI,2021,False,False,False,True,False,False,False,False,True
DJI,2022,False,False,False,False,False,False,False,False,False
DJI,2023,False,False,False,False,False,False,False,False,False
DJI,2024,False,False,False,False,False,False,True,False,True
NAM,1995,False,False,False,False,False,False,False,False,False
NAM,1996,False,False,False,False,False,False,False,False,False
NAM,1997,False,False,False,False,False,False,False,False,False
NAM,1998,False,False,False,False,False,False,False,False,False
NAM,1999,False,False,False,False,False,False,False,False,False
NAM,2000,False,False,False,False,False,False,False,False,False
NAM,2001,False,False,False,False,False,False,False,False,False
NAM,2002,False,False,False,False,False,False,False,False,False
NAM,2003,False,False,False,False,False,False,False,False,False
NAM,2004,False,False,False,False,False,False,False,False,False
NAM,2005,False,False,False,False,False,False,False,False,False
NAM,2006,False,False,False,False,False,False,False,False,False
NAM,2007,False,False,False,False,False,False,False,False,False
NAM,2008,False,False,False,False,False,False,False,False,False
NAM,2009,False,False,False,False,False,False,False,False,False
NAM,2010,False,False,False,False,False,False,False,False,False
NAM,2011,False,False,False,False,False,False,False,False,False
NAM,2012,False,False,False,False,False,False,False,False,False
NAM,2013,False,False,False,False,False,False,False,False,False
NAM,2014,False,False,False,False,False,False,False,False,False
NAM,2015,False,False,False,False,False,False,False,False,False
NAM,2016,False,False,False,False,False,False,False,False,False
NAM,2017,False,False,False,False,False,False,False,False,False
NAM,2018,False,False,False,False,False,False,False,False,False
NAM,2019,True,False,False,False,False,False,False,False,True
NAM,2020,False,False,False,False,False,False,False,False,False
NAM,2021,False,False,False,False,False,False,False,False,False
NAM,2022,True,True,False,False,False,False,False,False,True
NAM,2023,False,False,False,False,False,False,False,False,False
NAM,2024,False,False,False,False,False,False,False,False,False
SHN,1995,False,False,False,False,False,False,False,False,False
SHN,1996,False,False,False,False,False,False,False,False,False
SHN,1997,False,False,False,False,False,False,False,False,False
SHN,1998,False,False,False,False,False,False,False,False,False
SHN,1999,False,False,False,False,False,False,False,False,False
SHN,2000,False,False,False,False,False,False,False,False,False
SHN,2001,False,False,False,False,False,False,False,False,False
SHN,2002,False,False,False,False,False,False,False,False,False
SHN,2003,False,False,False,False,False,False,False,False,False
SHN,2004,False,False,False,False,False,False,False,False,False
SHN,2005,False,False,False,False,False,False,False,False,False
SHN,2006,False,False,False,False,False,False,False,False,False
SHN,2007,False,False,False,False,False,False,False,False,False
SHN,2008,False,False,False,False,False,False,False,False,False
SHN,2009,False,True,False,False,False,False,False,False,True
SHN,2010,False,False,False,False,False,False,False,False,False
SHN,2011,True,False,False,False,False,False,False,False,True
SHN,2012,False,False,False,False,False,False,False,False,False
SHN,2013,False,False,False,False,False,False,False,False,False
SHN,2014,False,False,False,False,False,False,False,False,False
SHN,2015,True,False,False,False,False,False,False,False,True
SHN,2016,True,False,False,False,False,False,False,False,True
SHN,2017,False,False,False,False,False,False,False,False,False
SHN,2018,False,False,False,False,False,False,False,False,False
SHN,2019,False,False,False,False,False,False,False,False,False
SHN,2020,False,False,False,False,False,False,False,False,False
SHN,2021,False,False,False,False,False,False,False,False,False
SHN,2022,False,False,False,False,False,False,False,False,False
SHN,2023,False,True,False,False,False,False,False,False,True
SHN,2024,False,True,False,False,False,False,False,False,True
SDN,1995,False,False,False,False,False,False,False,False,False
SDN,1996,False,False,False,False,False,False,False,False,False
SDN,1997,False,False,False,False,False,False,False,False,False
SDN,1998,False,False,False,False,False,False,False,False,False
SDN,1999,False,False,False,False,False,False,False,False,False
SDN,2000,False,False,False,False,False,False,False,False,False
SDN,2001,False,False,False,False,False,False,False,False,False
SDN,2002,False,False,False,False,False,False,False,False,False
SDN,2003,False,False,False,False,False,False,False,False,False
SDN,2004,False,False,False,False,False,False,False,False,False
SDN,2005,False,False,False,False,False,False,False,False,False
SDN,2006,False,False,False,False,False,False,False,False,False
SDN,2007,False,False,False,False,False,False,False,False,False
SDN,2008,False,False,False,False,False,False,False,False,False
SDN,2009,False,False,False,False,False,False,False,False,False
SDN,2010,False,False,False,True,False,False,False,False,True
SDN,2011,False,False,False,True,False,False,False,False,True
SDN,2012,False,False,False,True,False,False,False,False,True
SDN,2013,False,False,False,True,False,False,False,False,True
SDN,2014,False,False,False,True,False,False,False,False,True
SDN,2015,False,False,False,True,False,False,False,False,True
SDN,2016,False,False,False,True,False,False,False,False,True
SDN,2017,False,False,False,True,False,False,False,False,True
SDN,2018,False,False,False,True,False,False,False,False,True
SDN,2019,False,False,False,True,False,False,False,False,True
SDN,2020,False,True,False,True,False,False,False,False,True
SDN,2021,False,True,False,True,False,False,False,False,True
SDN,2022,False,False,False,True,False,False,False,False,True
SDN,2023,False,False,False,True,False,False,False,False,True
SDN,2024,False,False,False,True,False,False,False,False,True
SSD,2011,False,False,False,True,True,False,False,False,True
SSD,2012,False,False,False,True,False,False,False,False,True
SSD,2013,False,False,False,True,False,False,False,False,True
SSD,2014,False,False,False,True,False,False,False,False,True
SSD,2015,False,False,False,True,False,False,False,False,True
SSD,2016,False,False,False,True,True,False,False,False,True
SSD,2017,False,False,False,True,False,False,False,False,True
SSD,2018,False,False,False,True,False,False,False,False,True
SSD,2019,False,False,False,True,False,False,False,False,True
SSD,2020,False,False,False,True,False,False,False,False,True
SSD,2021,False,False,False,True,False,False,True,False,True
SSD,2022,False,False,False,True,False,False,False,False,True
SSD,2023,False,False,False,True,False,False,True,False,True
SSD,2024,False,False,False,True,False,False,True,False,True
SWZ,1995,False,False,False,False,False,False,False,False,False
SWZ,1996,False,False,False,False,False,False,False,False,False
SWZ,1997,False,False,False,False,False,False,False,False,False
SWZ,1998,False,False,False,False,False,False,False,False,False
SWZ,1999,False,False,False,False,False,False,False,False,False
SWZ,2000,False,False,False,False,False,False,False,False,False
SWZ,2001,False,False,False,False,False,False,False,False,False
SWZ,2002,False,False,False,False,False,False,False,False,False
SWZ,2003,False,False,False,False,False,False,False,False,False
SWZ,2004,False,False,False,False,False,False,False,False,False
SWZ,2005,False,False,False,False,False,False,False,False,False
SWZ,2006,False,False,False,False,False,False,False,False,False
SWZ,2007,False,False,False,False,False,False,False,False,False
SWZ,2008,False,False,False,False,False,False,False,False,False
SWZ,2009,False,False,False,False,False,False,False,False,False
SWZ,2010,False,False,False,False,False,False,False,False,False
SWZ,2011,False,False,False,False,False,False,False,False,False
SWZ,2012,False,False,False,False,False,False,False,False,False
SWZ,2013,False,False,False,False,False,False,False,False,False
SWZ,2014,False,False,False,False,False,False,False,False,False
SWZ,2015,False,False,False,False,False,False,False,False,False
SWZ,2016,False,False,False,False,False,False,False,False,False
SWZ,2017,False,False,False,False,False,False,False,False,False
SWZ,2018,False,False,False,False,False,False,False,False,False
SWZ,2019,False,False,False,False,False,False,False,False,False
SWZ,2020,False,False,False,False,False,False,False,False,False
SWZ,2021,False,False,False,False,False,False,False,False,False
SWZ,2022,False,False,False,False,False,False,True,False,True
SWZ,2023,False,False,False,False,False,True,False,False,True
SWZ,2024,False,False,False,False,False,False,False,False,False
TZA,1995,False,False,False,False,False,False,False,False,False
TZA,1996,False,False,False,False,False,False,False,False,False
TZA,1997,False,False,False,False,False,False,False,False,False
TZA,1998,False,False,False,False,False,False,False,False,False
TZA,1999,False,False,False,False,False,False,False,False,False
TZA,2000,False,False,False,False,False,False,False,False,False
TZA,2001,False,False,False,False,False,False,False,False,False
TZA,2002,False,False,False,False,False,False,False,False,False
TZA,2003,False,False,False,False,False,False,False,False,False
TZA,2004,False,False,False,False,False,False,False,False,False
TZA,2005,False,False,False,False,False,False,False,False,False
TZA,2006,False,False,False,False,False,False,False,True,True
TZA,2007,False,False,False,False,False,False,False,False,False
TZA,2008,False,False,False,False,False,False,False,False,False
TZA,2009,False,True,False,False,False,False,False,False,True
TZA,2010,False,True,False,True,False,False,False,False,True
TZA,2011,False,False,False,True,False,False,False,False,True
TZA,2012,False,False,False,False,False,False,False,False,False
TZA,2013,False,False,False,False,False,False,False,False,False
TZA,2014,False,False,False,False,False,False,False,False,False
TZA,2015,False,False,False,False,False,False,False,False,False
TZA,2016,False,False,False,False,False,False,False,False,False
TZA,2017,False,False,False,True,False,False,False,False,True
TZA,2018,False,False,False,True,False,False,False,False,True
TZA,2019,False,False,False,True,False,False,False,False,True
TZA,2020,False,False,False,False,False,False,False,False,False
TZA,2021,False,False,False,False,False,False,False,False,False
TZA,2022,False,False,False,False,False,False,False,False,False
TZA,2023,False,False,False,False,False,False,False,False,False
TZA,2024,False,False,False,False,False,False,False,False,False
TGO,1995,False,False,False,False,False,False,False,False,False
TGO,1996,False,False,False,False,False,False,False,False,False
TGO,1997,False,False,False,False,False,False,False,False,False
TGO,1998,False,False,False,False,False,False,False,False,False
TGO,1999,False,False,False,False,False,False,False,False,False
TGO,2000,False,False,False,False,False,False,False,False,False
TGO,2001,False,False,False,False,False,False,False,False,False
TGO,2002,False,False,False,False,False,False,False,False,False
TGO,2003,False,False,False,False,False,False,False,False,False
TGO,2004,False,False,False,False,False,False,False,False,False
TGO,2005,False,False,False,False,False,False,False,False,False
TGO,2006,False,False,False,False,True,True,False,False,True
TGO,2007,False,False,False,False,False,True,False,False,True
TGO,2008,False,True,False,False,False,False,False,False,True
TGO,2009,False,False,False,False,False,False,False,False,False
TGO,2010,False,False,False,False,False,False,False,False,False
TGO,2011,False,False,False,False,False,False,False,False,False
TGO,2012,False,False,False,False,False,False,False,False,False
TGO,2013,False,False,False,False,False,False,False,False,False
TGO,2014,False,False,False,False,False,False,False,False,False
TGO,2015,False,False,False,False,True,False,False,False,True
TGO,2016,False,False,False,False,True,False,False,False,True
TGO,2017,False,True,False,False,False,False,False,False,True
TGO,2018,False,False,False,False,False,False,False,False,False
TGO,2019,False,True,False,False,False,False,False,False,True
TGO,2020,False,True,False,False,False,False,False,False,True
TGO,2021,False,False,False,False,False,False,False,False,False
TGO,2022,False,False,False,False,False,False,False,False,False
TGO,2023,False,False,False,False,False,False,False,False,False
TGO,2024,False,True,False,False,False,False,False,False,True
UGA,1995,False,False,False,False,False,False,False,False,False
UGA,1996,False,False,False,False,False,False,False,False,False
UGA,1997,False,False,False,False,False,False,False,False,False
UGA,1998,False,False,False,False,False,False,False,False,False
UGA,1999,False,False,False,False,False,False,False,False,False
UGA,2000,False,False,False,False,False,False,False,False,False
UGA,2001,False,False,False,False,False,False,False,False,False
UGA,2002,False,False,False,False,False,False,False,False,False
UGA,2003,False,False,False,False,False,False,False,False,False
UGA,2004,False,False,False,False,False,False,False,False,False
UGA,2005,False,False,False,False,False,False,False,False,False
UGA,2006,False,False,False,False,False,False,False,True,True
UGA,2007,False,False,False,False,False,False,False,False,False
UGA,2008,False,False,False,False,False,False,False,False,False
UGA,2009,False,False,False,False,False,False,False,False,False
UGA,2010,False,False,False,True,False,False,False,False,True
UGA,2011,False,False,False,True,False,False,False,False,True
UGA,2012,False,False,False,True,False,False,False,False,True
UGA,2013,False,False,False,True,False,False,False,False,True
UGA,2014,False,False,False,False,False,False,False,False,False
UGA,2015,False,False,False,True,False,False,False,False,True
UGA,2016,False,False,False,True,False,False,False,False,True
UGA,2017,False,False,False,True,False,False,False,False,True
UGA,2018,False,False,False,True,False,False,False,False,True
UGA,2019,False,False,False,True,False,False,False,False,True
UGA,2020,False,False,False,True,False,False,False,False,True
UGA,2021,False,False,False,True,False,False,False,False,True
UGA,2022,False,False,False,False,False,False,False,False,False
UGA,2023,False,False,False,False,False,False,False,False,False
UGA,2024,False,False,False,False,False,False,False,False,False
BFA,1995,False,False,False,False,False,False,False,False,False
BFA,1996,False,False,False,False,False,False,False,False,False
BFA,1997,False,False,False,False,False,False,False,False,False
BFA,1998,False,False,False,False,False,False,False,False,False
BFA,1999,False,False,False,False,False,False,False,False,False
BFA,2000,False,False,False,False,False,False,False,False,False
BFA,2001,False,False,False,False,False,False,False,False,False
BFA,2002,False,False,False,False,False,False,False,False,False
BFA,2003,False,False,False,False,False,False,False,False,False
BFA,2004,False,False,False,False,False,False,False,False,False
BFA,2005,False,False,False,False,False,False,False,False,False
BFA,2006,False,False,False,False,False,False,False,True,True
BFA,2007,False,False,False,False,False,False,False,False,False
BFA,2008,False,False,False,False,False,False,False,False,False
BFA,2009,False,True,False,False,False,False,False,False,True
BFA,2010,False,True,False,False,False,False,False,False,True
BFA,2011,False,True,False,False,False,False,False,False,True
BFA,2012,False,False,False,False,False,False,False,False,False
BFA,2013,False,False,False,False,False,False,False,False,False
BFA,2014,False,False,False,False,False,False,False,False,False
BFA,2015,False,True,False,False,False,False,False,False,True
BFA,2016,False,False,False,False,False,False,False,False,False
BFA,2017,False,False,False,False,False,False,False,False,False
BFA,2018,False,False,False,False,False,False,False,False,False
BFA,2019,False,False,False,False,False,False,False,False,False
BFA,2020,False,False,False,True,False,False,False,False,True
BFA,2021,False,False,False,True,False,False,False,False,True
BFA,2022,False,False,False,False,False,False,False,False,False
BFA,2023,False,False,False,False,False,False,False,False,False
BFA,2024,False,False,False,False,False,False,False,False,False
ZMB,1995,False,False,False,False,False,False,False,False,False
ZMB,1996,False,False,False,False,False,False,False,False,False
ZMB,1997,False,False,False,False,False,False,False,False,False
ZMB,1998,False,False,False,False,False,False,False,False,False
ZMB,1999,False,False,False,False,False,False,False,False,False
ZMB,2000,False,True,False,False,False,False,False,False,True
ZMB,2001,False,False,False,False,False,False,False,False,False
ZMB,2002,False,False,False,False,False,False,False,False,False
ZMB,2003,False,False,False,False,False,False,False,False,False
ZMB,2004,False,False,False,False,False,False,False,False,False
ZMB,2005,False,False,False,False,False,False,False,True,True
ZMB,2006,False,False,False,False,False,False,False,True,True
ZMB,2007,False,False,False,False,False,False,False,False,False
ZMB,2008,False,False,False,False,False,False,False,False,False
ZMB,2009,False,True,False,False,False,False,False,False,True
ZMB,2010,False,True,False,True,False,False,False,False,True
ZMB,2011,False,False,False,True,False,False,False,False,True
ZMB,2012,False,False,False,True,False,False,False,False,True
ZMB,2013,False,False,False,False,False,False,False,False,False
ZMB,2014,False,False,False,True,False,False,False,False,True
ZMB,2015,False,False,False,True,True,False,False,False,True
ZMB,2016,False,False,False,False,False,False,False,False,False
ZMB,2017,False,False,False,False,False,False,False,False,False
ZMB,2018,False,False,False,False,False,False,True,False,True
ZMB,2019,False,False,False,False,False,False,True,False,True
ZMB,2020,False,False,False,False,False,False,False,False,False
ZMB,2021,False,False,False,False,False,False,False,False,False
ZMB,2022,False,False,False,False,False,False,False,False,False
ZMB,2023,False,True,False,False,False,False,False,False,True
ZMB,2024,False,True,False,False,False,False,False,False,True
CRI,1995,False,False,False,False,False,False,False,False,False
CRI,1996,False,False,False,False,False,False,False,False,False
CRI,1997,False,False,False,False,False,False,False,False,False
CRI,1998,False,False,False,False,False,False,False,False,False
CRI,1999,False,False,False,False,False,False,False,False,False
CRI,2000,False,False,False,False,False,False,False,False,False
CRI,2001,False,False,False,False,True,False,False,False,True
CRI,2002,False,False,False,False,True,False,False,False,True
CRI,2003,False,False,False,False,True,False,False,False,True
CRI,2004,False,False,False,False,True,False,False,False,True
CRI,2005,False,False,False,False,True,False,False,False,True
CRI,2006,False,False,False,False,True,False,False,False,True
CRI,2007,False,False,False,False,False,False,False,False,False
CRI,2008,False,False,False,False,False,False,False,False,False
CRI,2009,False,False,False,False,False,False,False,False,False
CRI,2010,True,False,False,False,True,False,False,False,True
CRI,2011,True,False,False,False,False,False,False,False,True
CRI,2012,True,False,False,False,False,False,False,False,True
CRI,2013,True,False,False,False,False,False,False,False,True
CRI,2014,True,False,False,False,True,False,False,False,True
CRI,2015,True,False,False,False,False,False,False,False,True
CRI,2016,True,False,False,False,False,False,False,False,True
CRI,2017,True,False,False,False,True,False,True,False,True
CRI,2018,True,False,False,False,False,False,True,False,True
CRI,2019,True,False,False,False,False,False,True,False,True
CRI,2020,False,False,False,False,False,False,True,False,True
CRI,2021,False,False,False,False,False,False,True,False,True
CRI,2022,False,False,False,False,False,False,True,False,True
CRI,2023,False,False,False,False,False,False,True,False,True
CRI,2024,False,False,False,False,False,False,True,False,True
CUB,1995,False,False,False,False,True,False,False,False,True
CUB,1996,False,False,False,False,False,False,False,False,False
CUB,1997,False,False,False,False,False,False,False,False,False
CUB,1998,False,False,False,False,False,False,False,False,False
CUB,1999,False,False,False,False,False,False,False,False,False
CUB,2000,False,False,False,False,False,False,False,False,False
CUB,2001,False,False,False,False,False,False,False,False,False
CUB,2002,False,False,False,False,False,False,False,False,False
CUB,2003,False,False,False,False,False,False,False,False,False
CUB,2004,False,False,False,False,False,False,False,False,False
CUB,2005,False,False,False,False,False,False,False,False,False
CUB,2006,False,False,False,False,False,False,False,False,False
CUB,2007,False,False,False,False,False,False,False,False,False
CUB,2008,False,False,False,False,False,False,False,False,False
CUB,2009,False,False,False,False,False,False,False,False,False
CUB,2010,True,False,False,False,False,False,False,False,True
CUB,2011,True,False,False,False,True,False,True,False,True
CUB,2012,False,False,False,False,True,False,True,False,True
CUB,2013,False,False,False,False,True,False,True,False,True
CUB,2014,False,False,False,False,True,False,False,False,True
CUB,2015,False,False,False,False,False,False,False,False,False
CUB,2016,False,False,False,False,False,False,False,False,False
CUB,2017,False,False,False,False,False,False,False,False,False
CUB,2018,False,False,False,False,False,False,False,False,False
CUB,2019,False,False,False,False,False,False,False,False,False
CUB,2020,False,False,False,False,False,False,False,False,False
CUB,2021,False,False,False,False,True,False,True,False,True
CUB,2022,False,False,False,False,False,False,True,False,True
CUB,2023,False,False,False,False,False,False,False,False,False
CUB,2024,False,False,False,False,False,False,True,False,True
DOM,1995,False,False,False,False,False,False,False,False,False
DOM,1996,False,False,False,False,False,False,False,False,False
DOM,1997,False,False,False,False,False,False,False,False,False
DOM,1998,False,False,False,False,False,False,False,False,False
DOM,1999,False,False,False,False,False,False,False,False,False
DOM,2000,False,False,False,False,False,False,False,False,False
DOM,2001,False,False,False,False,False,False,False,False,False
DOM,2002,False,False,False,False,False,False,False,False,False
DOM,2003,False,False,False,False,False,False,False,False,False
DOM,2004,False,False,False,False,False,False,False,False,False
DOM,2005,False,False,False,False,True,False,False,False,True
DOM,2006,False,False,False,False,False,False,False,False,False
DOM,2007,False,False,False,False,False,False,False,False,False
DOM,2008,False,False,False,False,False,False,False,False,False
DOM,2009,False,False,False,False,False,False,False,False,False
DOM,2010,False,False,False,False,False,False,False,False,False
DOM,2011,False,False,False,False,False,False,False,False,False
DOM,2012,False,False,False,False,False,False,False,False,False
DOM,2013,False,False,False,False,False,False,False,False,False
DOM,2014,False,False,False,False,False,False,False,False,False
DOM,2015,False,False,False,False,False,False,False,False,False
DOM,2016,False,False,False,False,False,False,False,False,False
DOM,2017,False,False,False,False,False,False,True,False,True
DOM,2018,False,False,False,False,False,False,True,False,True
DOM,2019,False,False,False,False,False,False,True,False,True
DOM,2020,False,False,False,False,False,False,True,False,True
DOM,2021,False,False,False,False,False,False,True,False,True
DOM,2022,False,True,False,False,False,False,True,False,True
DOM,2023,False,True,False,False,False,False,True,False,True
DOM,2024,False,False,False,False,False,False,True,False,True
SLV,1995,False,False,False,False,False,False,False,False,False
SLV,1996,False,False,False,False,False,False,False,False,False
SLV,1997,False,False,False,False,False,False,False,False,False
SLV,1998,False,False,False,False,False,False,False,False,False
SLV,1999,False,False,False,False,False,False,False,False,False
SLV,2000,False,False,False,False,False,False,False,False,False
SLV,2001,False,False,False,False,False,False,False,False,False
SLV,2002,False,False,False,False,True,False,False,False,True
SLV,2003,False,False,False,False,True,False,False,False,True
SLV,2004,False,False,False,False,False,False,False,False,False
SLV,2005,False,False,False,False,True,False,False,False,True
SLV,2006,False,False,False,False,True,False,False,False,True
SLV,2007,False,False,False,False,True,False,False,False,True
SLV,2008,False,False,False,False,True,False,False,False,True
SLV,2009,False,False,False,False,False,False,False,False,False
SLV,2010,False,False,False,False,False,False,False,False,False
SLV,2011,False,False,False,False,False,False,False,False,False
SLV,2012,False,False,False,False,False,False,False,False,False
SLV,2013,False,False,False,False,True,False,False,False,True
SLV,2014,True,False,False,False,True,False,False,False,True
SLV,2015,False,False,False,False,True,False,False,False,True
SLV,2016,False,False,False,True,True,False,False,False,True
SLV,2017,False,False,False,False,True,False,True,False,True
SLV,2018,False,False,False,False,True,False,True,False,True
SLV,2019,False,False,False,False,False,False,True,False,True
SLV,2020,False,False,False,False,False,False,True,False,True
SLV,2021,False,False,False,True,True,False,True,False,True
SLV,2022,False,False,False,False,False,False,True,False,True
SLV,2023,False,False,False,False,False,False,True,False,True
SLV,2024,False,False,False,False,False,False,True,False,True
GTM,1995,False,False,False,False,False,False,False,False,False
GTM,1996,False,False,False,False,False,False,False,False,False
GTM,1997,False,False,False,False,False,False,False,False,False
GTM,1998,False,False,False,False,False,False,False,False,False
GTM,1999,False,False,False,False,False,False,False,False,False
GTM,2000,False,False,False,False,False,False,False,False,False
GTM,2001,False,False,False,False,False,False,False,False,False
GTM,2002,False,False,False,False,True,False,False,False,True
GTM,2003,False,False,False,False,True,False,False,False,True
GTM,2004,False,False,False,False,True,False,False,False,True
GTM,2005,False,False,False,False,True,False,False,False,True
GTM,2006,False,False,False,False,False,False,False,False,False
GTM,2007,False,False,False,False,False,False,False,False,False
GTM,2008,False,False,False,False,False,False,False,False,False
GTM,2009,False,False,False,False,False,False,False,False,False
GTM,2010,True,False,False,True,False,False,False,False,True
GTM,2011,True,False,False,False,True,False,False,False,True
GTM,2012,True,False,False,True,True,False,False,False,True
GTM,2013,False,False,False,False,False,False,False,False,False
GTM,2014,False,False,False,False,True,False,False,False,True
GTM,2015,False,True,False,False,True,False,False,False,True
GTM,2016,False,False,False,True,True,False,False,False,True
GTM,2017,False,False,False,False,True,False,True,False,True
GTM,2018,False,False,False,False,True,False,True,False,True
GTM,2019,False,False,False,False,True,False,True,False,True
GTM,2020,False,True,False,False,False,False,True,False,True
GTM,2021,False,False,False,True,False,False,True,False,True
GTM,2022,False,False,False,False,False,False,True,False,True
GTM,2023,False,False,False,False,False,False,True,False,True
GTM,2024,False,False,False,False,False,False,True,False,True
HTI,1995,False,False,False,False,False,False,False,False,False
HTI,1996,False,False,False,False,False,False,False,False,False
HTI,1997,False,False,False,False,False,False,False,False,False
HTI,1998,False,False,False,False,False,False,False,False,False
HTI,1999,False,False,False,False,False,False,False,False,False
HTI,2000,False,False,False,False,False,False,False,False,False
HTI,2001,False,False,False,False,False,False,False,False,False
HTI,2002,False,False,False,False,False,False,False,False,False
HTI,2003,False,False,False,False,True,False,False,False,True
HTI,2004,False,False,False,False,True,False,False,False,True
HTI,2005,False,False,False,False,False,False,False,False,False
HTI,2006,False,False,False,False,False,False,False,False,False
HTI,2007,False,False,False,False,False,False,False,False,False
HTI,2008,False,False,False,False,False,False,False,False,False
HTI,2009,False,False,False,False,False,False,False,False,False
HTI,2010,False,False,False,True,False,False,False,True,True
HTI,2011,False,False,False,True,False,False,False,False,True
HTI,2012,False,False,False,True,False,False,False,False,True
HTI,2013,False,False,False,True,False,False,False,False,True
HTI,2014,False,False,False,False,False,False,False,False,False
HTI,2015,False,False,False,False,False,False,False,False,False
HTI,2016,False,False,False,True,False,False,False,False,True
HTI,2017,False,False,False,True,False,False,True,False,True
HTI,2018,False,False,False,False,False,False,True,False,True
HTI,2019,False,False,False,False,False,False,True,False,True
HTI,2020,False,False,False,True,False,False,True,False,True
HTI,2021,False,False,False,True,False,False,True,False,True
HTI,2022,False,False,False,False,False,False,True,False,True
HTI,2023,False,False,False,False,False,False,True,False,True
HTI,2024,False,False,False,False,False,False,True,False,True
HND,1995,False,False,False,False,False,False,False,False,False
HND,1996,False,False,False,False,False,False,False,False,False
HND,1997,False,False,False,False,False,False,False,False,False
HND,1998,False,False,False,False,False,False,False,False,False
HND,1999,False,False,False,False,False,False,False,False,False
HND,2000,False,False,False,False,False,False,False,False,False
HND,2001,False,False,False,False,False,False,False,False,False
HND,2002,False,False,False,False,False,False,False,False,False
HND,2003,False,False,False,False,False,False,False,False,False
HND,2004,False,False,False,False,False,False,False,False,False
HND,2005,False,False,False,False,False,False,False,False,False
HND,2006,False,False,False,False,False,False,False,False,False
HND,2007,False,False,False,False,False,False,False,False,False
HND,2008,False,False,False,False,False,False,False,False,False
HND,2009,False,False,False,False,False,False,False,False,False
HND,2010,False,False,False,False,False,False,False,False,False
HND,2011,False,False,False,False,False,False,False,False,False
HND,2012,False,False,False,False,False,False,False,False,False
HND,2013,False,False,False,False,False,False,False,False,False
HND,2014,False,False,False,False,False,False,False,False,False
HND,2015,False,False,False,False,False,False,False,False,False
HND,2016,False,False,False,False,False,False,False,False,False
HND,2017,False,False,False,False,False,False,True,False,True
HND,2018,False,False,False,False,False,False,True,False,True
HND,2019,False,False,False,False,False,False,True,False,True
HND,2020,False,True,False,False,False,False,False,False,True
HND,2021,False,False,False,False,False,False,True,False,True
HND,2022,False,True,False,False,False,False,True,False,True
HND,2023,False,False,False,False,False,False,True,False,True
HND,2024,False,True,False,False,False,False,True,False,True
BLZ,1995,False,False,False,False,False,False,False,False,False
BLZ,1996,False,False,False,False,False,False,False,False,False
BLZ,1997,False,False,False,False,False,False,False,False,False
BLZ,1998,False,False,False,False,False,False,False,False,False
BLZ,1999,False,False,False,False,False,False,False,False,False
BLZ,2000,False,False,False,False,False,False,False,False,False
BLZ,2001,False,False,False,False,False,False,False,False,False
BLZ,2002,False,False,False,False,True,False,False,False,True
BLZ,2003,False,False,False,False,True,False,False,False,True
BLZ,2004,False,False,False,False,False,False,False,False,False
BLZ,2005,False,False,False,False,True,False,False,False,True
BLZ,2006,False,False,False,False,False,False,False,False,False
BLZ,2007,False,False,False,False,False,False,False,False,False
BLZ,2008,False,False,False,False,False,False,False,False,False
BLZ,2009,True,False,False,False,False,False,False,False,True
BLZ,2010,True,False,False,False,False,False,False,False,True
BLZ,2011,True,False,False,False,False,False,False,False,True
BLZ,2012,True,False,False,False,False,False,False,False,True
BLZ,2013,False,False,False,False,False,False,True,False,True
BLZ,2014,True,False,False,False,False,False,True,False,True
BLZ,2015,False,False,False,False,False,False,True,False,True
BLZ,2016,False,False,False,False,False,False,False,False,False
BLZ,2017,False,False,False,False,False,False,False,False,False
BLZ,2018,False,False,False,False,False,False,False,False,False
BLZ,2019,False,False,False,False,False,False,True,False,True
BLZ,2020,False,False,False,False,False,False,True,False,True
BLZ,2021,False,False,False,False,False,False,True,False,True
BLZ,2022,True,False,False,False,False,False,True,False,True
BLZ,2023,True,False,False,True,False,False,True,False,True
BLZ,2024,False,False,False,True,False,False,True,False,True
JAM,1995,False,False,False,False,False,False,False,False,False
JAM,1996,False,False,False,False,False,False,False,False,False
JAM,1997,False,False,False,False,False,False,False,False,False
JAM,1998,False,False,False,False,False,False,False,False,False
JAM,1999,False,False,False,False,False,False,False,False,False
JAM,2000,False,False,False,False,False,False,False,False,False
JAM,2001,False,False,False,False,False,False,False,False,False
JAM,2002,False,False,False,False,False,False,False,False,False
JAM,2003,False,False,False,False,False,False,False,False,False
JAM,2004,False,False,False,False,False,False,False,False,False
JAM,2005,False,False,False,False,False,False,False,False,False
JAM,2006,False,False,False,False,False,False,False,False,False
JAM,2007,False,False,False,False,False,False,False,False,False
JAM,2008,False,False,False,False,False,False,False,False,False
JAM,2009,False,False,False,False,False,False,False,False,False
JAM,2010,False,False,False,False,False,False,False,False,False
JAM,2011,True,False,False,True,False,False,False,False,True
JAM,2012,True,False,False,False,False,False,False,False,True
JAM,2013,False,True,False,False,False,False,False,False,True
JAM,2014,False,True,False,False,False,False,False,False,True
JAM,2015,False,False,False,True,False,False,False,False,True
JAM,2016,True,False,False,True,False,False,False,False,True
JAM,2017,False,False,False,True,False,False,True,False,True
JAM,2018,False,False,False,False,False,False,True,False,True
JAM,2019,False,False,False,False,False,False,True,False,True
JAM,2020,False,False,False,False,False,False,True,False,True
JAM,2021,False,False,False,False,False,False,True,False,True
JAM,2022,False,False,False,False,False,False,True,False,True
JAM,2023,False,False,False,False,False,False,True,False,True
JAM,2024,False,False,False,False,False,False,True,False,True
MEX,1995,False,False,False,False,False,False,False,False,False
MEX,1996,False,False,False,False,False,False,False,False,False
MEX,1997,False,False,False,False,False,False,False,False,False
MEX,1998,False,False,False,False,False,False,False,False,False
MEX,1999,False,False,False,False,False,False,False,False,False
MEX,2000,False,False,False,False,False,False,False,False,False
MEX,2001,False,False,False,False,False,False,False,False,False
MEX,2002,False,False,False,False,False,False,False,False,False
MEX,2003,False,False,False,False,False,False,False,False,False
MEX,2004,False,False,False,False,False,False,False,False,False
MEX,2005,False,False,False,False,False,False,False,False,False
MEX,2006,False,False,False,False,False,True,False,False,True
MEX,2007,False,False,False,False,False,True,False,False,True
MEX,2008,False,False,False,False,False,True,False,False,True
MEX,2009,False,False,False,False,False,True,False,False,True
MEX,2010,False,False,False,False,False,False,False,False,False
MEX,2011,False,False,False,False,False,False,False,False,False
MEX,2012,False,False,False,False,False,True,False,False,True
MEX,2013,False,False,False,False,False,False,False,False,False
MEX,2014,False,False,False,False,False,False,False,False,False
MEX,2015,False,False,False,False,False,True,False,False,True
MEX,2016,False,False,False,False,False,False,False,False,False
MEX,2017,False,False,False,False,False,False,False,False,False
MEX,2018,False,False,False,False,False,False,False,False,False
MEX,2019,False,False,False,False,False,False,True,False,True
MEX,2020,False,False,False,False,False,False,False,False,False
MEX,2021,False,False,False,False,False,False,True,False,True
MEX,2022,False,False,False,False,False,True,True,False,True
MEX,2023,False,False,False,False,False,True,True,False,True
MEX,2024,False,True,False,False,False,False,True,False,True
NIC,1995,False,False,False,False,False,False,False,False,False
NIC,1996,False,False,False,False,False,False,False,False,False
NIC,1997,False,False,False,False,False,False,False,False,False
NIC,1998,False,False,False,False,False,False,False,False,False
NIC,1999,False,False,False,False,False,False,False,False,False
NIC,2000,False,False,False,False,False,False,False,False,False
NIC,2001,False,False,False,False,False,False,False,False,False
NIC,2002,False,False,False,False,False,False,False,False,False
NIC,2003,False,False,False,False,False,False,False,False,False
NIC,2004,False,False,False,False,False,False,False,True,True
NIC,2005,False,False,False,False,False,False,False,False,False
NIC,2006,False,False,False,False,False,False,False,True,True
NIC,2007,False,False,False,False,False,False,False,False,False
NIC,2008,False,False,False,False,False,False,False,False,False
NIC,2009,False,False,False,False,False,False,False,False,False
NIC,2010,False,False,False,False,True,False,False,False,True
NIC,2011,False,False,False,False,True,False,False,False,True
NIC,2012,False,False,False,False,True,False,False,False,True
NIC,2013,False,False,False,False,True,False,False,False,True
NIC,2014,False,False,False,False,True,False,False,False,True
NIC,2015,False,False,False,False,True,False,False,False,True
NIC,2016,False,False,False,False,True,False,False,False,True
NIC,2017,False,False,False,False,False,False,False,False,False
NIC,2018,False,False,False,False,True,False,False,False,True
NIC,2019,False,False,False,False,True,False,True,False,True
NIC,2020,False,False,False,False,False,False,True,False,True
NIC,2021,False,False,False,False,False,False,False,False,False
NIC,2022,False,True,False,False,False,False,False,False,True
NIC,2023,False,False,False,False,False,False,False,False,False
NIC,2024,False,False,False,False,False,False,False,False,False
PAN,1995,False,False,False,False,False,False,False,False,False
PAN,1996,False,False,False,False,False,False,False,False,False
PAN,1997,False,False,False,False,False,False,False,False,False
PAN,1998,False,False,False,False,False,False,False,False,False
PAN,1999,False,False,False,False,False,False,False,False,False
PAN,2000,False,False,False,False,False,False,False,False,False
PAN,2001,False,False,False,False,False,False,False,False,False
PAN,2002,False,False,False,False,False,False,False,False,False
PAN,2003,False,False,False,False,False,False,False,False,False
PAN,2004,False,False,False,False,False,False,False,False,False
PAN,2005,False,False,False,False,False,False,False,False,False
PAN,2006,False,False,False,False,False,False,False,False,False
PAN,2007,False,False,False,False,False,False,False,False,False
PAN,2008,False,False,False,False,False,False,False,False,False
PAN,2009,False,False,False,False,False,False,False,False,False
PAN,2010,True,False,False,False,False,False,False,False,True
PAN,2011,True,False,False,False,False,False,False,False,True
PAN,2012,True,False,False,False,False,False,False,False,True
PAN,2013,True,False,False,False,False,False,False,False,True
PAN,2014,True,False,False,False,False,False,False,False,True
PAN,2015,True,False,False,False,False,False,True,False,True
PAN,2016,True,False,False,False,False,False,False,False,True
PAN,2017,True,False,False,False,False,False,False,False,True
PAN,2018,True,False,False,False,False,False,False,False,True
PAN,2019,True,False,False,False,False,False,True,False,True
PAN,2020,False,True,False,False,False,False,False,False,True
PAN,2021,False,False,False,False,False,False,False,False,False
PAN,2022,False,False,False,False,False,False,True,False,True
PAN,2023,False,False,False,False,False,False,True,False,True
PAN,2024,False,False,False,False,False,False,True,False,True
DMA,1995,False,False,False,False,False,False,False,False,False
DMA,1996,False,False,False,False,False,False,False,False,False
DMA,1997,False,False,False,False,False,False,False,False,False
DMA,1998,False,False,False,False,False,False,False,False,False
DMA,1999,False,False,False,False,False,False,False,False,False
DMA,2000,False,False,False,False,False,False,False,False,False
DMA,2001,False,False,False,False,False,False,False,False,False
DMA,2002,False,False,False,False,False,False,False,False,False
DMA,2003,False,True,False,False,False,False,False,False,True
DMA,2004,False,False,False,False,False,False,False,False,False
DMA,2005,False,True,False,False,False,False,False,False,True
DMA,2006,False,True,False,False,False,False,False,False,True
DMA,2007,False,False,False,False,False,False,False,False,False
DMA,2008,False,False,False,False,False,False,False,False,False
DMA,2009,False,False,False,False,False,False,False,False,False
DMA,2010,False,True,False,False,False,False,False,False,True
DMA,2011,False,False,False,False,False,False,False,False,False
DMA,2012,False,False,False,False,False,False,False,False,False
DMA,2013,False,False,False,False,False,False,False,False,False
DMA,2014,False,False,False,False,False,False,False,False,False
DMA,2015,False,True,False,False,False,False,False,False,True
DMA,2016,False,True,False,False,False,False,False,False,True
DMA,2017,False,False,False,False,False,False,False,False,False
DMA,2018,False,False,False,True,False,False,False,False,True
DMA,2019,False,True,False,False,False,False,False,False,True
DMA,2020,False,False,False,False,False,False,False,False,False
DMA,2021,False,True,False,False,False,False,False,False,True
DMA,2022,False,True,False,False,False,False,False,False,True
DMA,2023,False,False,False,False,False,False,False,False,False
DMA,2024,False,False,False,False,False,False,False,False,False
GRD,1995,False,False,False,False,False,False,False,False,False
GRD,1996,False,False,False,False,False,False,False,False,False
GRD,1997,False,False,False,False,False,False,False,False,False
GRD,1998,False,False,False,False,False,False,False,False,False
GRD,1999,False,False,False,False,False,False,False,False,False
GRD,2000,False,False,False,False,False,False,False,False,False
GRD,2001,False,False,False,False,False,False,False,False,False
GRD,2002,False,False,False,False,False,False,False,False,False
GRD,2003,False,False,False,False,False,False,False,False,False
GRD,2004,False,False,False,False,False,False,False,False,False
GRD,2005,False,False,False,False,False,False,False,False,False
GRD,2006,False,False,False,False,False,False,False,False,False
GRD,2007,False,False,False,False,False,False,False,False,False
GRD,2008,False,True,False,False,False,False,False,False,True
GRD,2009,False,True,False,False,False,False,False,False,True
GRD,2010,False,True,False,False,False,False,False,False,True
GRD,2011,False,False,False,False,False,False,False,False,False
GRD,2012,False,False,False,False,False,False,False,False,False
GRD,2013,False,False,False,False,False,False,False,False,False
GRD,2014,False,True,False,False,False,False,False,False,True
GRD,2015,False,True,False,False,False,False,False,False,True
GRD,2016,False,False,False,False,False,False,False,False,False
GRD,2017,False,True,False,False,False,False,False,False,True
GRD,2018,False,True,False,False,False,False,False,False,True
GRD,2019,False,True,False,False,False,False,False,False,True
GRD,2020,False,True,False,False,False,False,False,False,True
GRD,2021,False,True,False,False,False,False,False,False,True
GRD,2022,False,True,False,False,False,False,False,False,True
GRD,2023,False,True,False,False,False,False,False,False,True
GRD,2024,False,False,False,False,False,False,False,False,False
LCA,1995,False,False,False,False,False,False,False,False,False
LCA,1996,False,False,False,False,False,False,False,False,False
LCA,1997,False,False,False,False,False,False,False,False,False
LCA,1998,False,False,False,False,False,False,False,False,False
LCA,1999,False,False,False,False,False,False,False,False,False
LCA,2000,False,False,False,False,False,False,False,False,False
LCA,2001,False,False,False,False,False,False,False,False,False
LCA,2002,False,False,False,False,False,False,False,False,False
LCA,2003,False,False,False,False,False,False,False,False,False
LCA,2004,False,False,False,False,False,False,False,False,False
LCA,2005,False,False,False,False,False,False,False,False,False
LCA,2006,False,False,False,False,False,False,False,False,False
LCA,2007,False,False,False,False,False,False,False,False,False
LCA,2008,False,False,False,False,False,False,False,False,False
LCA,2009,False,True,False,False,False,False,False,False,True
LCA,2010,True,False,False,False,False,False,False,False,True
LCA,2011,False,False,False,False,False,False,False,False,False
LCA,2012,False,False,False,False,False,False,False,False,False
LCA,2013,False,False,False,False,False,False,False,False,False
LCA,2014,False,False,False,False,False,False,True,False,True
LCA,2015,False,False,False,False,False,False,False,False,False
LCA,2016,False,False,False,False,False,False,False,False,False
LCA,2017,False,False,False,False,False,False,False,False,False
LCA,2018,False,False,False,False,False,False,False,False,False
LCA,2019,False,False,False,False,False,False,True,False,True
LCA,2020,False,False,False,False,False,False,False,False,False
LCA,2021,False,True,False,False,False,False,False,False,True
LCA,2022,False,False,False,False,False,False,False,False,False
LCA,2023,True,False,False,False,False,False,False,False,True
LCA,2024,False,True,False,False,False,False,True,False,True
VCT,1995,False,False,False,False,False,False,False,False,False
VCT,1996,False,False,False,False,False,False,False,False,False
VCT,1997,False,False,False,False,False,False,False,False,False
VCT,1998,False,False,False,False,False,False,False,False,False
VCT,1999,False,False,False,False,False,False,False,False,False
VCT,2000,False,False,False,False,False,False,False,False,False
VCT,2001,False,False,False,False,False,False,False,False,False
VCT,2002,False,False,False,False,False,False,False,False,False
VCT,2003,False,False,False,False,False,False,False,False,False
VCT,2004,False,False,False,False,True,False,False,False,True
VCT,2005,False,False,False,False,False,False,False,False,False
VCT,2006,False,False,False,False,False,False,False,False,False
VCT,2007,False,False,False,False,False,False,False,False,False
VCT,2008,False,False,False,False,False,False,False,False,False
VCT,2009,False,False,False,False,False,False,False,False,False
VCT,2010,True,False,False,False,False,False,False,False,True
VCT,2011,True,False,False,False,False,False,False,False,True
VCT,2012,True,False,False,False,False,False,False,False,True
VCT,2013,False,False,False,False,False,False,False,False,False
VCT,2014,False,False,False,False,False,False,False,False,False
VCT,2015,False,False,False,False,False,False,False,False,False
VCT,2016,False,False,False,False,False,False,False,False,False
VCT,2017,True,False,False,False,False,False,False,False,True
VCT,2018,False,False,False,False,False,False,False,False,False
VCT,2019,False,True,False,False,False,False,False,False,True
VCT,2020,False,True,False,False,False,False,False,False,True
VCT,2021,False,True,False,False,False,False,False,False,True
VCT,2022,False,False,False,False,False,False,False,False,False
VCT,2023,False,False,False,False,False,False,False,False,False
VCT,2024,False,False,False,False,False,False,False,False,False
MSR,1995,False,False,False,False,False,False,False,False,False
MSR,1996,False,False,False,False,False,False,False,False,False
MSR,1997,False,False,False,False,False,False,False,False,False
MSR,1998,False,False,False,False,False,False,False,False,False
MSR,1999,False,False,False,False,False,False,False,False,False
MSR,2000,False,False,False,False,False,False,False,False,False
MSR,2001,False,False,False,False,False,False,False,False,False
MSR,2002,False,False,False,False,False,False,False,False,False
MSR,2003,False,False,False,False,False,False,False,False,False
MSR,2004,False,False,False,False,False,False,False,False,False
MSR,2005,False,False,False,False,False,False,False,False,False
MSR,2006,False,True,False,False,False,False,False,False,True
MSR,2007,False,False,False,False,False,False,False,False,False
MSR,2008,False,True,False,False,False,False,False,False,True
MSR,2009,False,False,False,False,False,False,False,False,False
MSR,2010,False,False,False,False,False,False,False,False,False
MSR,2011,False,False,False,False,False,False,False,False,False
MSR,2012,False,False,False,False,False,False,False,False,False
MSR,2013,False,False,False,False,False,False,False,False,False
MSR,2014,False,False,False,False,False,False,False,False,False
MSR,2015,False,False,False,False,False,False,False,False,False
MSR,2016,False,False,False,False,False,False,False,False,False
MSR,2017,False,False,False,False,False,False,False,False,False
MSR,2018,False,False,False,False,False,False,False,False,False
MSR,2019,False,False,False,False,False,False,False,False,False
MSR,2020,False,False,False,False,False,False,True,False,True
MSR,2021,False,False,False,False,False,False,True,False,True
MSR,2022,False,False,False,False,False,False,False,False,False
MSR,2023,True,False,False,False,False,False,False,False,True
MSR,2024,False,True,False,False,False,False,False,False,True
ARG,1995,False,False,False,False,False,False,False,False,False
ARG,1996,False,False,False,False,False,False,False,False,False
ARG,1997,False,False,False,False,False,False,False,False,False
ARG,1998,False,False,False,False,False,False,False,False,False
ARG,1999,False,False,False,False,False,False,False,False,False
ARG,2000,False,False,False,False,False,False,False,False,False
ARG,2001,False,False,False,False,False,False,False,False,False
ARG,2002,False,False,False,False,False,False,False,False,False
ARG,2003,False,False,False,False,False,False,False,False,False
ARG,2004,False,False,False,False,True,False,False,False,True
ARG,2005,False,False,False,False,True,False,False,False,True
ARG,2006,False,False,False,False,False,False,False,False,False
ARG,2007,False,False,False,False,False,True,False,False,True
ARG,2008,False,False,False,False,False,True,False,False,True
ARG,2009,False,False,False,False,False,True,False,False,True
ARG,2010,True,False,False,False,False,True,False,False,True
ARG,2011,True,False,False,False,False,True,False,False,True
ARG,2012,True,False,False,False,False,True,False,False,True
ARG,2013,True,False,False,False,False,True,False,False,True
ARG,2014,True,False,False,False,True,True,False,False,True
ARG,2015,True,False,False,False,True,True,False,False,True
ARG,2016,True,False,False,False,True,True,False,False,True
ARG,2017,True,False,False,False,True,True,False,False,True
ARG,2018,True,False,False,False,True,False,False,False,True
ARG,2019,True,True,False,False,False,False,False,False,True
ARG,2020,True,False,False,False,True,True,True,False,True
ARG,2021,False,False,False,True,False,False,True,False,True
ARG,2022,False,False,False,False,False,False,False,False,False
ARG,2023,False,False,False,False,False,False,False,False,False
ARG,2024,True,False,False,False,False,True,True,False,True
BOL,1995,False,False,False,False,False,False,False,False,False
BOL,1996,False,False,False,False,False,False,False,False,False
BOL,1997,False,False,False,False,False,False,False,False,False
BOL,1998,False,False,False,False,False,False,False,False,False
BOL,1999,False,False,False,False,False,False,False,False,False
BOL,2000,False,False,False,False,False,False,False,False,False
BOL,2001,False,False,False,False,False,False,False,False,False
BOL,2002,False,False,False,False,False,False,False,False,False
BOL,2003,False,False,False,False,False,False,False,False,False
BOL,2004,False,False,False,False,False,False,False,False,False
BOL,2005,False,False,False,False,True,False,False,False,True
BOL,2006,False,False,False,False,False,False,False,False,False
BOL,2007,False,False,False,False,True,False,False,False,True
BOL,2008,False,False,False,False,True,False,False,False,True
BOL,2009,False,False,False,False,False,False,False,False,False
BOL,2010,False,False,False,False,False,False,False,False,False
BOL,2011,False,False,False,False,True,False,False,False,True
BOL,2012,False,False,False,False,True,False,False,False,True
BOL,2013,False,False,False,False,True,False,False,False,True
BOL,2014,False,False,False,False,True,False,False,False,True
BOL,2015,False,True,False,False,True,False,False,False,True
BOL,2016,False,True,False,False,True,False,False,False,True
BOL,2017,False,True,False,False,False,False,False,False,True
BOL,2018,False,False,False,False,True,False,False,False,True
BOL,2019,False,False,False,False,True,False,False,False,True
BOL,2020,False,False,False,False,True,False,False,False,True
BOL,2021,False,False,False,False,True,False,False,False,True
BOL,2022,False,False,False,False,False,False,False,False,False
BOL,2023,False,False,False,False,False,False,False,False,False
BOL,2024,False,False,False,False,False,False,False,False,False
BRA,1995,False,False,False,False,False,False,False,False,False
BRA,1996,False,False,False,False,False,False,False,False,False
BRA,1997,False,False,False,False,False,False,False,False,False
BRA,1998,False,False,False,False,False,False,False,False,False
BRA,1999,False,False,False,False,False,False,False,False,False
BRA,2000,False,False,False,False,False,False,False,False,False
BRA,2001,False,False,False,False,False,False,False,False,False
BRA,2002,False,False,False,False,True,False,False,False,True
BRA,2003,False,False,False,False,True,False,False,False,True
BRA,2004,False,False,False,False,True,False,False,False,True
BRA,2005,False,False,False,False,True,False,False,False,True
BRA,2006,False,False,False,False,True,True,False,False,True
BRA,2007,False,False,False,False,True,True,False,False,True
BRA,2008,False,False,False,False,False,True,False,False,True
BRA,2009,False,False,False,False,False,True,False,False,True
BRA,2010,True,False,False,False,False,True,False,False,True
BRA,2011,True,False,False,False,False,True,False,False,True
BRA,2012,False,False,False,False,False,False,False,False,False
BRA,2013,False,False,False,True,False,False,False,False,True
BRA,2014,False,False,False,True,False,True,False,False,True
BRA,2015,False,False,False,True,True,False,False,False,True
BRA,2016,True,False,False,True,True,True,False,False,True
BRA,2017,True,False,False,True,True,True,False,False,True
BRA,2018,True,False,False,True,True,True,False,False,True
BRA,2019,True,False,False,False,True,True,False,False,True
BRA,2020,False,False,False,False,True,True,False,False,True
BRA,2021,False,False,False,False,False,False,False,False,False
BRA,2022,False,False,False,False,False,True,False,False,True
BRA,2023,False,False,False,True,True,True,False,False,True
BRA,2024,False,False,False,True,False,True,False,False,True
COL,1995,False,False,False,False,False,False,False,False,False
COL,1996,False,False,False,False,False,False,False,False,False
COL,1997,False,False,False,False,False,False,False,False,False
COL,1998,False,False,False,False,False,False,False,False,False
COL,1999,False,False,False,False,False,False,False,False,False
COL,2000,False,False,False,False,False,False,False,False,False
COL,2001,False,False,False,False,False,False,False,False,False
COL,2002,False,False,False,False,False,False,False,False,False
COL,2003,False,False,False,False,False,False,False,False,False
COL,2004,False,False,False,False,False,False,False,False,False
COL,2005,False,False,False,False,False,False,False,False,False
COL,2006,False,False,False,False,False,False,False,False,False
COL,2007,False,False,False,False,False,False,False,False,False
COL,2008,False,False,False,False,False,False,False,False,False
COL,2009,False,False,False,False,False,False,False,False,False
COL,2010,False,False,False,True,False,False,False,False,True
COL,2011,False,False,False,True,False,False,False,False,True
COL,2012,False,False,False,True,False,False,False,False,True
COL,2013,False,False,False,True,False,False,False,False,True
COL,2014,False,False,False,True,False,False,False,False,True
COL,2015,False,False,False,True,False,False,False,False,True
COL,2016,False,False,False,True,False,False,False,False,True
COL,2017,False,False,False,True,True,False,True,False,True
COL,2018,False,False,False,True,False,False,True,False,True
COL,2019,False,False,False,True,False,False,True,False,True
COL,2020,False,False,False,True,False,False,True,False,True
COL,2021,False,False,False,True,False,False,False,False,True
COL,2022,False,False,False,True,False,False,True,False,True
COL,2023,False,False,False,True,False,False,True,False,True
COL,2024,False,True,False,False,False,False,True,False,True
ECU,1995,False,False,False,False,False,False,False,False,False
ECU,1996,False,False,False,False,False,False,False,False,False
ECU,1997,False,False,False,False,False,False,False,False,False
ECU,1998,False,False,False,False,False,False,False,False,False
ECU,1999,False,False,False,False,False,False,False,False,False
ECU,2000,False,False,False,False,False,False,False,False,False
ECU,2001,False,False,False,False,False,False,False,False,False
ECU,2002,False,False,False,False,False,False,False,False,False
ECU,2003,False,False,False,False,True,False,False,False,True
ECU,2004,False,False,False,False,True,False,False,False,True
ECU,2005,False,False,False,False,True,False,False,False,True
ECU,2006,False,False,False,False,True,False,False,False,True
ECU,2007,False,False,False,False,True,False,False,False,True
ECU,2008,False,False,False,False,False,False,False,False,False
ECU,2009,False,False,False,False,True,False,False,False,True
ECU,2010,True,False,False,False,True,False,False,False,True
ECU,2011,True,False,False,False,True,False,False,False,True
ECU,2012,True,False,False,False,True,False,False,False,True
ECU,2013,True,False,False,False,True,False,False,False,True
ECU,2014,True,False,False,False,True,False,False,False,True
ECU,2015,False,False,False,False,True,False,False,False,True
ECU,2016,False,False,False,False,True,False,False,False,True
ECU,2017,False,False,False,False,True,False,False,False,True
ECU,2018,False,False,False,False,True,False,False,False,True
ECU,2019,False,False,False,False,True,False,False,False,True
ECU,2020,False,False,False,True,True,False,False,False,True
ECU,2021,False,False,False,True,True,False,False,False,True
ECU,2022,False,False,False,False,False,False,False,False,False
ECU,2023,False,True,False,False,False,False,False,False,True
ECU,2024,False,False,False,False,False,False,False,False,False
GUY,1995,False,False,False,False,False,False,False,False,False
GUY,1996,False,False,False,False,False,False,False,False,False
GUY,1997,False,False,False,False,False,False,False,False,False
GUY,1998,False,False,False,False,False,False,False,False,False
GUY,1999,False,False,False,False,False,False,False,False,False
GUY,2000,False,False,False,False,False,False,False,False,False
GUY,2001,False,False,False,False,False,False,False,False,False
GUY,2002,False,False,False,False,False,False,False,False,False
GUY,2003,False,False,False,False,False,False,False,False,False
GUY,2004,False,False,False,False,False,False,False,False,False
GUY,2005,False,False,False,False,False,False,False,False,False
GUY,2006,False,False,False,False,False,False,False,False,False
GUY,2007,False,False,False,False,False,False,False,False,False
GUY,2008,False,False,False,False,False,False,False,False,False
GUY,2009,False,False,False,False,False,False,False,False,False
GUY,2010,False,False,False,True,False,False,False,False,True
GUY,2011,False,False,False,True,False,False,False,False,True
GUY,2012,False,False,False,False,False,False,False,False,False
GUY,2013,False,True,False,False,False,False,False,False,True
GUY,2014,False,False,False,False,False,False,False,False,False
GUY,2015,False,False,False,False,True,False,False,False,True
GUY,2016,False,True,False,False,False,False,False,False,True
GUY,2017,False,False,False,False,False,False,False,False,False
GUY,2018,False,True,False,False,False,False,False,False,True
GUY,2019,False,False,False,True,False,False,False,False,True
GUY,2020,False,False,False,False,False,False,True,False,True
GUY,2021,False,False,False,False,False,False,False,False,False
GUY,2022,False,True,False,False,False,False,False,False,True
GUY,2023,False,True,False,False,False,False,False,False,True
GUY,2024,False,True,False,False,False,False,False,False,True
PRY,1995,False,False,False,False,False,False,False,False,False
PRY,1996,False,False,False,False,False,False,False,False,False
PRY,1997,False,False,False,False,False,False,False,False,False
PRY,1998,False,False,False,False,False,False,False,False,False
PRY,1999,False,False,False,False,False,False,False,False,False
PRY,2000,False,False,False,False,False,False,False,False,False
PRY,2001,False,False,False,False,False,False,False,False,False
PRY,2002,False,False,False,False,True,False,False,False,True
PRY,2003,False,False,False,False,True,False,False,False,True
PRY,2004,False,False,False,False,True,False,False,False,True
PRY,2005,False,False,False,False,True,False,False,False,True
PRY,2006,False,False,False,False,True,False,False,False,True
PRY,2007,False,False,False,False,False,False,False,False,False
PRY,2008,False,False,False,False,False,False,False,False,False
PRY,2009,False,False,False,False,False,False,False,False,False
PRY,2010,True,False,False,False,False,False,False,False,True
PRY,2011,True,False,False,False,False,False,False,False,True
PRY,2012,True,False,False,False,False,False,False,False,True
PRY,2013,True,True,False,False,False,False,False,False,True
PRY,2014,True,False,False,False,False,False,False,False,True
PRY,2015,True,False,False,False,True,False,False,False,True
PRY,2016,True,False,False,False,False,False,False,False,True
PRY,2017,False,False,False,False,False,False,False,False,False
PRY,2018,False,False,False,False,False,False,False,False,False
PRY,2019,True,False,False,False,False,False,True,False,True
PRY,2020,False,False,False,False,False,False,False,False,False
PRY,2021,False,False,False,False,False,False,False,False,False
PRY,2022,False,False,False,False,False,False,True,False,True
PRY,2023,False,True,False,False,False,False,False,False,True
PRY,2024,False,False,False,False,False,False,False,False,False
PER,1995,False,False,False,False,False,False,False,False,False
PER,1996,False,False,False,False,False,False,False,False,False
PER,1997,False,False,False,False,False,False,False,False,False
PER,1998,False,False,False,False,False,False,False,False,False
PER,1999,False,False,False,False,False,False,False,False,False
PER,2000,False,False,False,False,False,False,False,False,False
PER,2001,False,False,False,False,False,False,False,False,False
PER,2002,False,False,False,False,True,False,False,False,True
PER,2003,False,False,False,False,True,False,False,False,True
PER,2004,False,False,False,False,True,False,False,False,True
PER,2005,False,False,False,False,False,False,False,False,False
PER,2006,False,False,False,False,False,False,False,False,False
PER,2007,False,False,False,False,False,False,False,False,False
PER,2008,False,False,False,False,False,False,False,False,False
PER,2009,False,False,False,False,False,False,False,False,False
PER,2010,True,False,False,False,True,False,False,False,True
PER,2011,True,False,False,False,False,False,False,False,True
PER,2012,True,False,False,False,False,False,False,False,True
PER,2013,True,False,False,False,True,False,False,False,True
PER,2014,True,False,False,False,True,False,False,False,True
PER,2015,False,False,False,False,True,False,False,False,True
PER,2016,True,False,False,False,True,False,False,False,True
PER,2017,False,False,False,False,True,False,True,False,True
PER,2018,True,False,False,False,True,False,True,False,True
PER,2019,False,False,False,False,True,False,True,False,True
PER,2020,False,False,False,False,True,False,True,False,True
PER,2021,False,False,False,True,True,False,True,False,True
PER,2022,False,True,False,False,False,False,True,False,True
PER,2023,False,False,False,False,False,False,True,False,True
PER,2024,False,True,False,False,False,False,True,False,True
SUR,1995,False,False,False,False,False,False,False,False,False
SUR,1996,False,False,False,False,False,False,False,False,False
SUR,1997,False,False,False,False,False,False,False,False,False
SUR,1998,False,False,False,False,False,False,False,False,False
SUR,1999,False,False,False,False,False,False,False,False,False
SUR,2000,False,False,False,False,False,False,False,False,False
SUR,2001,False,False,False,False,False,False,False,False,False
SUR,2002,False,False,False,False,True,False,False,False,True
SUR,2003,False,False,False,False,True,False,False,False,True
SUR,2004,False,False,False,False,True,False,False,False,True
SUR,2005,False,False,False,False,True,False,False,False,True
SUR,2006,False,False,False,False,False,False,False,False,False
SUR,2007,False,True,False,False,False,False,False,False,True
SUR,2008,False,False,False,False,False,False,False,False,False
SUR,2009,False,True,False,False,False,False,False,False,True
SUR,2010,False,False,False,False,False,False,False,False,False
SUR,2011,False,False,False,False,False,False,False,False,False
SUR,2012,True,False,False,False,False,False,False,False,True
SUR,2013,True,False,False,False,True,False,False,False,True
SUR,2014,False,False,False,False,True,False,False,False,True
SUR,2015,False,False,False,False,True,False,False,False,True
SUR,2016,False,False,False,False,True,False,False,False,True
SUR,2017,False,False,False,False,True,False,False,False,True
SUR,2018,False,False,False,False,True,False,False,False,True
SUR,2019,False,False,False,False,True,False,False,False,True
SUR,2020,False,False,False,True,False,False,False,False,True
SUR,2021,False,False,False,True,True,False,False,False,True
SUR,2022,False,False,False,False,False,False,False,False,False
SUR,2023,False,False,False,False,False,False,False,False,False
SUR,2024,False,False,False,False,False,False,True,False,True
VEN,1995,False,False,False,False,False,False,False,False,False
VEN,1996,False,False,False,False,False,False,False,False,False
VEN,1997,False,False,False,False,False,False,False,False,False
VEN,1998,False,False,False,False,False,False,False,False,False
VEN,1999,False,False,False,False,False,False,False,False,False
VEN,2000,False,False,False,False,False,False,False,False,False
VEN,2001,False,False,False,False,False,False,False,False,False
VEN,2002,False,False,False,False,False,False,False,False,False
VEN,2003,False,False,False,False,False,False,False,False,False
VEN,2004,False,False,False,False,False,False,False,False,False
VEN,2005,False,False,False,False,False,False,False,False,False
VEN,2006,False,False,False,False,False,True,False,False,True
VEN,2007,False,False,False,False,False,True,False,False,True
VEN,2008,False,False,False,False,False,True,False,False,True
VEN,2009,False,False,False,False,False,True,False,False,True
VEN,2010,True,False,False,False,False,True,True,False,True
VEN,2011,True,False,False,False,False,True,False,False,True
VEN,2012,True,False,False,False,False,True,False,False,True
VEN,2013,True,False,False,False,False,True,True,False,True
VEN,2014,True,False,False,False,False,True,True,False,True
VEN,2015,True,False,False,False,False,True,True,False,True
VEN,2016,True,False,False,False,False,True,True,False,True
VEN,2017,False,False,False,False,False,True,True,False,True
VEN,2018,False,False,False,False,False,False,True,False,True
VEN,2019,False,False,False,True,False,False,True,False,True
VEN,2020,False,False,False,True,False,False,True,False,True
VEN,2021,False,False,False,True,False,False,True,False,True
VEN,2022,False,False,False,True,False,False,False,False,True
VEN,2023,False,False,False,True,False,False,False,False,True
VEN,2024,False,False,False,True,False,False,False,False,True
IRN,1995,False,False,False,False,False,False,False,False,False
IRN,1996,False,False,False,False,False,False,False,False,False
IRN,1997,False,False,False,False,False,False,False,False,False
IRN,1998,False,False,False,False,False,False,False,False,False
IRN,1999,False,False,False,False,False,False,False,False,False
IRN,2000,False,False,False,False,False,False,False,False,False
IRN,2001,False,False,False,False,False,False,False,False,False
IRN,2002,False,False,False,False,False,False,False,False,False
IRN,2003,False,False,False,False,False,False,False,False,False
IRN,2004,False,False,False,False,True,False,False,False,True
IRN,2005,False,False,False,False,True,False,False,False,True
IRN,2006,False,False,False,False,False,True,True,False,True
IRN,2007,False,False,False,False,False,True,True,False,True
IRN,2008,False,False,False,False,False,True,True,False,True
IRN,2009,False,False,False,False,False,True,False,False,True
IRN,2010,False,False,False,False,False,True,True,False,True
IRN,2011,False,False,False,False,True,True,False,False,True
IRN,2012,False,False,False,False,True,True,False,False,True
IRN,2013,False,False,False,False,False,True,False,False,True
IRN,2014,False,False,False,False,False,True,False,False,True
IRN,2015,False,False,False,False,False,True,False,False,True
IRN,2016,False,False,False,False,False,True,False,False,True
IRN,2017,False,False,False,False,False,True,False,False,True
IRN,2018,False,False,False,False,False,True,False,False,True
IRN,2019,False,False,False,False,False,True,False,False,True
IRN,2020,False,False,False,True,False,True,False,False,True
IRN,2021,False,False,False,False,False,True,False,False,True
IRN,2022,False,False,False,False,False,True,False,False,True
IRN,2023,False,False,False,False,False,True,False,False,True
IRN,2024,False,False,False,False,False,True,False,False,True
IRQ,1995,False,False,False,False,False,False,False,False,False
IRQ,1996,False,False,False,False,False,False,False,False,False
IRQ,1997,False,False,False,False,False,False,False,False,False
IRQ,1998,False,False,False,False,False,False,False,False,False
IRQ,1999,False,False,False,False,False,False,False,False,False
IRQ,2000,False,False,False,False,False,False,False,False,False
IRQ,2001,False,False,False,False,False,False,False,False,False
IRQ,2002,False,False,False,False,False,False,False,False,False
IRQ,2003,False,False,False,False,False,False,False,False,False
IRQ,2004,False,False,False,False,False,False,False,False,False
IRQ,2005,False,False,False,False,False,False,False,True,True
IRQ,2006,False,False,False,False,False,False,False,False,False
IRQ,2007,False,False,False,False,False,False,False,False,False
IRQ,2008,False,False,False,False,False,False,False,False,False
IRQ,2009,False,False,False,False,False,False,False,False,False
IRQ,2010,True,False,False,False,False,False,False,False,True
IRQ,2011,False,False,False,True,False,False,False,False,True
IRQ,2012,False,False,False,False,False,False,False,False,False
IRQ,2013,False,False,False,True,False,False,False,False,True
IRQ,2014,False,False,False,True,False,False,False,False,True
IRQ,2015,False,False,False,True,False,False,False,False,True
IRQ,2016,False,False,False,True,False,False,False,False,True
IRQ,2017,False,False,False,True,True,False,False,False,True
IRQ,2018,False,False,False,True,False,False,False,False,True
IRQ,2019,False,False,False,True,False,False,False,False,True
IRQ,2020,False,False,False,True,False,False,False,False,True
IRQ,2021,False,False,False,True,False,False,True,False,True
IRQ,2022,False,False,False,True,False,False,False,False,True
IRQ,2023,False,False,False,False,False,False,False,False,False
IRQ,2024,False,False,False,False,False,False,False,False,False
JOR,1995,False,False,False,False,False,False,False,False,False
JOR,1996,False,False,False,False,False,False,False,False,False
JOR,1997,False,False,False,False,False,False,False,False,False
JOR,1998,False,False,False,False,False,False,False,False,False
JOR,1999,False,False,False,False,False,False,False,False,False
JOR,2000,False,False,False,False,False,False,False,False,False
JOR,2001,False,False,False,False,False,False,False,False,False
JOR,2002,False,False,False,False,False,False,False,False,False
JOR,2003,False,False,False,False,False,False,False,False,False
JOR,2004,False,False,False,False,False,False,False,False,False
JOR,2005,False,False,False,False,False,False,False,False,False
JOR,2006,False,True,False,False,False,False,False,False,True
JOR,2007,False,False,False,False,False,False,False,False,False
JOR,2008,False,True,False,False,False,False,True,False,True
JOR,2009,False,False,False,False,False,False,False,False,False
JOR,2010,False,False,False,False,False,False,True,False,True
JOR,2011,False,True,False,False,False,False,True,False,True
JOR,2012,False,False,False,False,False,False,True,False,True
JOR,2013,False,False,False,True,False,False,False,False,True
JOR,2014,False,False,False,True,False,False,True,False,True
JOR,2015,False,False,False,True,False,False,False,False,True
JOR,2016,False,False,False,True,False,False,False,False,True
JOR,2017,False,True,False,False,False,False,True,False,True
JOR,2018,False,True,False,True,False,False,True,False,True
JOR,2019,False,True,False,True,False,False,True,False,True
JOR,2020,False,True,False,True,False,False,True,False,True
JOR,2021,False,False,False,False,False,False,True,False,True
JOR,2022,False,True,False,False,False,False,True,False,True
JOR,2023,False,True,False,False,False,False,False,False,True
JOR,2024,False,True,False,False,False,False,True,False,True
PSE,1995,False,False,False,False,False,False,False,False,False
PSE,1996,False,False,False,False,False,False,False,False,False
PSE,1997,False,False,False,False,False,False,False,False,False
PSE,1998,False,False,False,False,False,False,False,False,False
PSE,1999,False,False,False,False,False,False,False,False,False
PSE,2000,False,False,False,False,False,False,False,False,False
PSE,2001,False,False,False,False,False,False,False,False,False
PSE,2002,False,False,False,False,False,False,False,False,False
PSE,2003,False,False,False,False,False,False,False,False,False
PSE,2004,False,False,False,False,False,False,False,False,False
PSE,2005,False,False,False,False,False,False,True,False,True
PSE,2006,False,False,False,False,False,False,True,False,True
PSE,2007,False,False,False,False,False,False,False,True,True
PSE,2008,False,False,False,False,False,False,False,True,True
PSE,2009,False,False,False,False,False,False,False,True,True
PSE,2010,False,False,False,True,False,False,False,True,True
PSE,2011,False,False,False,True,False,False,True,True,True
PSE,2012,False,False,False,True,False,False,True,False,True
PSE,2013,False,False,False,True,False,False,False,True,True
PSE,2014,False,False,False,True,False,False,True,True,True
PSE,2015,False,False,False,True,False,False,True,False,True
PSE,2016,False,False,False,True,False,False,True,True,True
PSE,2017,False,False,False,True,False,False,True,False,True
PSE,2018,False,False,False,True,False,False,True,False,True
PSE,2019,False,False,False,True,False,False,True,False,True
PSE,2020,False,False,False,True,False,False,True,False,True
PSE,2021,False,False,False,True,False,False,True,False,True
PSE,2022,False,False,False,True,False,False,True,False,True
PSE,2023,False,False,False,True,False,False,True,True,True
PSE,2024,False,False,False,True,False,False,True,True,True
LBN,1995,False,False,False,False,False,False,False,False,False
LBN,1996,False,False,False,False,False,False,False,False,False
LBN,1997,False,False,False,False,False,False,False,False,False
LBN,1998,False,False,False,False,False,False,False,False,False
LBN,1999,False,False,False,False,False,False,False,False,False
LBN,2000,False,False,False,False,False,False,False,False,False
LBN,2001,False,False,False,False,False,False,False,False,False
LBN,2002,False,False,False,False,False,False,False,False,False
LBN,2003,False,False,False,False,False,False,False,False,False
LBN,2004,False,False,False,False,False,False,False,False,False
LBN,2005,False,False,False,False,False,False,True,False,True
LBN,2006,False,False,False,False,False,True,False,False,True
LBN,2007,False,False,False,False,False,True,False,False,True
LBN,2008,False,False,False,False,False,False,False,False,False
LBN,2009,False,False,False,False,False,True,False,False,True
LBN,2010,False,False,False,False,False,True,True,False,True
LBN,2011,False,False,False,False,False,False,True,False,True
LBN,2012,False,False,False,True,False,False,True,False,True
LBN,2013,False,False,False,True,False,False,True,False,True
LBN,2014,False,False,False,True,False,False,True,False,True
LBN,2015,False,False,False,True,False,False,False,False,True
LBN,2016,False,False,False,True,False,False,False,False,True
LBN,2017,False,False,False,True,False,False,True,False,True
LBN,2018,False,False,False,True,False,False,True,False,True
LBN,2019,False,False,False,True,False,False,True,False,True
LBN,2020,False,False,False,True,False,False,True,False,True
LBN,2021,False,False,False,True,False,False,True,False,True
LBN,2022,False,False,False,True,False,False,False,False,True
LBN,2023,False,False,False,True,False,False,False,False,True
LBN,2024,False,False,False,True,False,False,False,False,True
SYR,1995,False,False,False,False,False,False,False,False,False
SYR,1996,False,False,False,False,False,False,False,False,False
SYR,1997,False,False,False,False,False,False,False,False,False
SYR,1998,False,False,False,False,False,False,False,False,False
SYR,1999,False,False,False,False,False,False,False,False,False
SYR,2000,False,False,False,False,False,False,False,False,False
SYR,2001,False,False,False,False,False,False,False,False,False
SYR,2002,False,False,False,False,False,False,False,False,False
SYR,2003,False,False,False,False,False,False,False,False,False
SYR,2004,False,False,False,False,False,False,False,False,False
SYR,2005,False,False,False,False,False,False,False,False,False
SYR,2006,False,False,False,False,False,True,True,False,True
SYR,2007,False,False,False,False,False,True,False,False,True
SYR,2008,False,False,False,False,False,True,False,False,True
SYR,2009,False,False,False,False,False,True,False,False,True
SYR,2010,True,False,False,False,False,True,True,False,True
SYR,2011,False,False,False,False,False,True,True,False,True
SYR,2012,False,False,False,True,False,True,False,False,True
SYR,2013,False,False,False,True,False,False,False,False,True
SYR,2014,False,False,False,True,False,False,False,False,True
SYR,2015,False,False,False,True,False,False,False,True,True
SYR,2016,False,False,False,True,False,False,False,True,True
SYR,2017,False,False,False,True,False,False,False,True,True
SYR,2018,False,False,False,True,False,False,False,True,True
SYR,2019,False,False,False,True,False,False,False,True,True
SYR,2020,False,False,False,True,False,False,False,True,True
SYR,2021,False,False,False,True,False,False,False,True,True
SYR,2022,False,False,False,False,False,False,False,True,True
SYR,2023,False,False,False,False,False,False,False,False,False
SYR,2024,False,False,False,False,False,False,False,False,False
YEM,1995,False,False,False,False,False,False,False,False,False
YEM,1996,False,False,False,False,False,False,False,False,False
YEM,1997,False,False,False,False,False,False,False,False,False
YEM,1998,False,False,False,False,False,False,False,False,False
YEM,1999,False,False,False,False,False,False,False,False,False
YEM,2000,False,False,False,False,False,False,False,False,False
YEM,2001,False,True,False,False,False,False,False,False,True
YEM,2002,False,False,False,False,False,False,False,False,False
YEM,2003,False,False,False,False,False,False,False,False,False
YEM,2004,False,False,False,False,False,False,False,False,False
YEM,2005,False,False,False,False,False,False,False,False,False
YEM,2006,False,False,False,False,False,False,False,False,False
YEM,2007,False,False,False,False,False,False,False,False,False
YEM,2008,False,False,False,False,False,False,False,False,False
YEM,2009,False,False,False,False,False,False,False,False,False
YEM,2010,False,False,False,True,False,False,False,False,True
YEM,2011,False,False,False,True,False,False,False,False,True
YEM,2012,False,False,False,True,False,False,False,False,True
YEM,2013,False,False,False,True,False,False,False,False,True
YEM,2014,False,False,False,True,False,False,False,False,True
YEM,2015,False,False,False,True,False,False,False,False,True
YEM,2016,False,False,False,True,False,False,False,False,True
YEM,2017,False,False,False,True,False,False,False,False,True
YEM,2018,False,True,False,True,False,False,False,True,True
YEM,2019,False,False,False,True,False,False,False,False,True
YEM,2020,False,False,False,True,False,False,False,False,True
YEM,2021,False,False,False,True,False,False,False,False,True
YEM,2022,False,False,False,True,False,False,False,False,True
YEM,2023,False,True,False,True,False,False,False,False,True
YEM,2024,False,False,False,True,False,False,False,False,True
ARM,1995,False,False,False,False,False,False,False,False,False
ARM,1996,False,False,False,False,False,False,False,False,False
ARM,1997,False,False,False,False,False,False,False,False,False
ARM,1998,False,False,False,False,False,False,False,False,False
ARM,1999,False,False,False,False,False,False,False,False,False
ARM,2000,False,True,False,False,False,False,False,False,True
ARM,2001,False,False,False,False,False,False,False,False,False
ARM,2002,False,False,False,False,False,False,False,False,False
ARM,2003,False,False,False,False,False,False,False,False,False
ARM,2004,False,False,False,False,False,False,False,False,False
ARM,2005,False,False,False,False,False,False,False,False,False
ARM,2006,False,False,False,False,False,False,False,False,False
ARM,2007,False,False,False,False,False,False,False,False,False
ARM,2008,False,False,False,False,False,False,False,False,False
ARM,2009,False,False,False,False,False,False,False,False,False
ARM,2010,False,False,False,False,False,False,False,False,False
ARM,2011,False,True,False,False,False,False,False,False,True
ARM,2012,False,True,False,False,False,False,False,False,True
ARM,2013,False,True,False,False,False,False,False,False,True
ARM,2014,False,False,False,False,False,False,False,False,False
ARM,2015,False,False,False,False,False,False,False,False,False
ARM,2016,False,False,False,False,False,False,False,False,False
ARM,2017,False,False,False,False,False,False,False,False,False
ARM,2018,False,False,False,False,False,False,True,False,True
ARM,2019,False,True,False,False,False,False,False,False,True
ARM,2020,False,False,False,False,False,False,True,False,True
ARM,2021,False,False,False,False,False,False,True,False,True
ARM,2022,False,False,False,False,False,False,True,False,True
ARM,2023,False,False,False,False,False,False,True,False,True
ARM,2024,False,False,False,False,False,False,True,False,True
AZE,1995,False,False,False,False,False,False,False,False,False
AZE,1996,False,False,False,False,False,False,False,False,False
AZE,1997,False,False,False,False,False,False,False,False,False
AZE,1998,False,False,False,False,False,False,False,False,False
AZE,1999,False,False,False,False,False,False,False,False,False
AZE,2000,False,False,False,False,False,False,False,False,False
AZE,2001,False,False,False,False,False,False,False,False,False
AZE,2002,False,False,False,False,False,False,False,False,False
AZE,2003,False,False,False,False,False,False,False,False,False
AZE,2004,False,False,False,False,False,False,False,False,False
AZE,2005,False,False,False,False,False,False,False,False,False
AZE,2006,False,False,False,False,False,False,False,False,False
AZE,2007,False,False,False,False,False,False,False,False,False
AZE,2008,False,False,False,False,False,False,False,False,False
AZE,2009,False,False,False,False,False,False,False,False,False
AZE,2010,True,False,False,False,False,False,False,False,True
AZE,2011,False,False,False,False,False,False,False,False,False
AZE,2012,False,False,False,False,False,False,False,False,False
AZE,2013,False,False,False,False,False,False,False,False,False
AZE,2014,False,False,False,False,False,False,False,False,False
AZE,2015,True,False,False,False,False,False,False,False,True
AZE,2016,False,False,False,False,False,False,False,False,False
AZE,2017,False,False,False,False,False,False,True,False,True
AZE,2018,False,False,False,False,False,True,True,False,True
AZE,2019,False,False,False,False,False,True,True,False,True
AZE,2020,False,False,False,False,False,True,True,False,True
AZE,2021,True,False,False,False,False,True,True,False,True
AZE,2022,False,False,False,False,False,True,True,False,True
AZE,2023,True,False,False,False,False,True,True,False,True
AZE,2024,True,False,False,False,False,True,True,False,True
GEO,1995,False,False,False,False,False,False,False,False,False
GEO,1996,False,False,False,False,False,False,False,False,False
GEO,1997,False,False,False,False,False,False,False,False,False
GEO,1998,False,False,False,False,False,False,False,False,False
GEO,1999,False,False,False,False,False,False,False,False,False
GEO,2000,False,False,False,False,False,False,False,False,False
GEO,2001,False,True,False,False,False,False,False,False,True
GEO,2002,False,False,False,False,False,False,False,False,False
GEO,2003,False,False,False,False,False,False,False,False,False
GEO,2004,False,False,False,False,False,False,False,False,False
GEO,2005,False,False,False,False,False,False,False,False,False
GEO,2006,False,False,False,False,False,False,False,False,False
GEO,2007,False,False,False,False,False,False,False,False,False
GEO,2008,False,True,False,False,False,False,False,False,True
GEO,2009,False,False,False,False,False,False,False,False,False
GEO,2010,True,False,False,False,False,False,False,False,True
GEO,2011,True,False,False,False,False,False,False,False,True
GEO,2012,False,False,False,False,False,False,False,False,False
GEO,2013,True,False,False,True,False,False,False,False,True
GEO,2014,False,False,False,False,False,False,False,False,False
GEO,2015,True,False,False,False,False,False,False,False,True
GEO,2016,False,False,False,False,False,False,False,False,False
GEO,2017,False,False,False,False,False,False,True,False,True
GEO,2018,False,False,False,False,False,False,True,False,True
GEO,2019,False,True,False,False,False,False,True,False,True
GEO,2020,False,True,False,False,False,False,False,False,True
GEO,2021,False,False,False,False,False,False,False,False,False
GEO,2022,False,False,False,False,False,False,True,False,True
GEO,2023,False,False,False,False,False,False,True,False,True
GEO,2024,False,False,False,False,False,False,True,False,True
KAZ,1995,False,False,False,False,False,False,False,False,False
KAZ,1996,False,False,False,False,False,False,False,False,False
KAZ,1997,False,False,False,False,False,False,False,False,False
KAZ,1998,False,False,False,False,False,False,False,False,False
KAZ,1999,False,False,False,False,False,False,False,False,False
KAZ,2000,False,False,False,False,False,False,False,False,False
KAZ,2001,False,False,False,False,False,False,False,False,False
KAZ,2002,False,False,False,False,False,False,False,False,False
KAZ,2003,False,False,False,False,False,False,False,False,False
KAZ,2004,False,False,False,False,False,False,False,False,False
KAZ,2005,False,False,False,False,False,False,False,False,False
KAZ,2006,False,False,False,False,False,False,False,False,False
KAZ,2007,False,False,False,False,False,False,False,False,False
KAZ,2008,False,False,False,False,False,False,False,False,False
KAZ,2009,False,False,False,False,False,False,False,False,False
KAZ,2010,True,False,False,False,False,False,False,False,True
KAZ,2011,True,False,False,False,False,False,False,False,True
KAZ,2012,True,False,False,False,False,True,False,False,True
KAZ,2013,True,False,False,False,False,True,False,False,True
KAZ,2014,True,False,False,False,False,True,False,False,True
KAZ,2015,True,False,False,False,False,True,False,False,True
KAZ,2016,True,False,False,False,False,True,False,False,True
KAZ,2017,True,False,False,False,False,True,True,False,True
KAZ,2018,True,False,False,False,False,True,True,False,True
KAZ,2019,True,False,False,False,False,True,True,False,True
KAZ,2020,True,False,False,False,False,True,True,False,True
KAZ,2021,False,False,False,False,False,True,True,False,True
KAZ,2022,False,False,False,False,False,True,False,False,True
KAZ,2023,False,False,False,False,False,True,True,False,True
KAZ,2024,False,False,False,False,False,True,True,False,True
KGZ,1995,False,False,False,False,False,False,False,False,False
KGZ,1996,False,False,False,False,False,False,False,False,False
KGZ,1997,False,False,False,False,False,False,False,False,False
KGZ,1998,False,False,False,False,False,False,False,False,False
KGZ,1999,False,False,False,False,False,False,False,False,False
KGZ,2000,False,True,False,False,False,False,False,False,True
KGZ,2001,False,True,False,False,False,False,False,False,True
KGZ,2002,False,False,False,False,False,False,False,False,False
KGZ,2003,False,False,False,False,False,False,False,False,False
KGZ,2004,False,False,False,False,False,False,False,False,False
KGZ,2005,False,False,False,False,False,False,False,False,False
KGZ,2006,False,False,False,False,False,False,False,False,False
KGZ,2007,False,False,False,False,False,False,False,False,False
KGZ,2008,False,False,False,False,False,False,False,False,False
KGZ,2009,False,False,False,False,False,False,False,False,False
KGZ,2010,False,False,False,True,False,False,False,False,True
KGZ,2011,False,False,False,False,False,False,False,False,False
KGZ,2012,False,False,False,False,False,False,False,False,False
KGZ,2013,False,False,False,False,False,False,False,False,False
KGZ,2014,False,False,False,False,False,False,False,False,False
KGZ,2015,False,False,False,False,False,False,False,False,False
KGZ,2016,False,False,False,False,False,False,False,False,False
KGZ,2017,False,False,False,False,False,False,False,False,False
KGZ,2018,False,False,False,False,False,False,False,False,False
KGZ,2019,False,False,False,False,False,False,False,False,False
KGZ,2020,False,False,False,False,False,False,False,False,False
KGZ,2021,False,False,False,False,False,False,False,False,False
KGZ,2022,False,True,False,False,False,False,False,False,True
KGZ,2023,False,False,False,False,False,False,False,False,False
KGZ,2024,False,False,False,False,False,False,False,False,False
TJK,1995,False,False,False,False,False,False,False,False,False
TJK,1996,False,False,False,False,False,False,False,False,False
TJK,1997,False,False,False,False,False,False,False,False,False
TJK,1998,False,False,False,False,False,False,False,False,False
TJK,1999,False,False,False,False,False,False,False,False,False
TJK,2000,False,True,False,False,False,False,False,False,True
TJK,2001,False,True,False,False,False,False,False,False,True
TJK,2002,False,False,False,False,False,False,False,False,False
TJK,2003,False,False,False,False,False,False,False,False,False
TJK,2004,False,True,False,False,False,False,False,False,True
TJK,2005,False,False,False,False,False,False,False,False,False
TJK,2006,False,False,False,False,False,False,False,False,False
TJK,2007,False,False,False,False,False,False,False,False,False
TJK,2008,False,False,False,False,False,False,False,False,False
TJK,2009,False,False,False,False,False,False,False,False,False
TJK,2010,False,False,False,False,False,False,False,False,False
TJK,2011,False,False,False,False,False,False,False,False,False
TJK,2012,False,False,False,False,False,False,False,False,False
TJK,2013,False,False,False,False,False,False,False,False,False
TJK,2014,False,False,False,False,False,False,False,False,False
TJK,2015,False,False,False,False,False,False,False,False,False
TJK,2016,False,False,False,False,False,False,False,False,False
TJK,2017,False,False,False,False,False,False,False,False,False
TJK,2018,False,False,False,False,False,False,False,False,False
TJK,2019,False,False,False,False,False,False,False,False,False
TJK,2020,False,True,False,False,False,False,False,False,True
TJK,2021,False,False,False,False,False,False,False,False,False
TJK,2022,False,False,False,False,False,False,False,False,False
TJK,2023,False,False,False,False,False,False,False,False,False
TJK,2024,False,False,False,False,False,False,False,False,False
TKM,1995,False,False,False,False,False,False,False,False,False
TKM,1996,False,False,False,False,False,False,False,False,False
TKM,1997,False,False,False,False,False,False,False,False,False
TKM,1998,False,False,False,False,False,False,False,False,False
TKM,1999,False,False,False,False,False,False,False,False,False
TKM,2000,False,False,False,False,False,False,False,False,False
TKM,2001,False,False,False,False,False,False,False,False,False
TKM,2002,False,False,False,False,False,False,False,False,False
TKM,2003,False,False,False,False,False,False,False,False,False
TKM,2004,False,False,False,False,False,False,False,False,False
TKM,2005,False,False,False,False,False,False,False,False,False
TKM,2006,False,False,False,False,False,True,True,False,True
TKM,2007,False,False,False,False,False,False,False,False,False
TKM,2008,False,False,False,False,False,False,False,False,False
TKM,2009,False,False,False,False,False,False,False,False,False
TKM,2010,True,False,False,False,False,False,False,False,True
TKM,2011,True,False,False,False,False,False,False,False,True
TKM,2012,True,False,False,False,False,False,False,False,True
TKM,2013,False,False,False,False,False,False,False,False,False
TKM,2014,False,False,False,False,False,False,False,False,False
TKM,2015,True,False,False,False,False,False,False,False,True
TKM,2016,False,False,False,False,False,False,False,False,False
TKM,2017,False,False,False,False,False,False,False,False,False
TKM,2018,True,False,False,False,False,True,True,False,True
TKM,2019,True,False,False,False,False,True,True,False,True
TKM,2020,False,False,False,False,False,True,True,False,True
TKM,2021,False,False,False,False,False,True,True,False,True
TKM,2022,False,False,False,False,False,True,True,False,True
TKM,2023,False,False,False,False,False,True,True,False,True
TKM,2024,False,False,False,False,False,False,False,False,False
UZB,1995,False,False,False,False,False,False,False,False,False
UZB,1996,False,False,False,False,False,False,False,False,False
UZB,1997,False,False,False,False,False,False,False,False,False
UZB,1998,False,False,False,False,False,False,False,False,False
UZB,1999,False,False,False,False,False,False,False,False,False
UZB,2000,False,False,False,False,False,False,False,False,False
UZB,2001,False,False,False,False,False,False,False,False,False
UZB,2002,False,False,False,False,False,False,False,False,False
UZB,2003,False,False,False,False,False,False,False,False,False
UZB,2004,False,False,False,False,False,False,False,False,False
UZB,2005,False,False,False,False,False,False,False,False,False
UZB,2006,False,False,False,False,False,False,False,False,False
UZB,2007,False,False,False,False,False,True,False,False,True
UZB,2008,False,False,False,False,False,False,False,False,False
UZB,2009,False,False,False,False,False,False,False,False,False
UZB,2010,False,False,False,False,False,False,False,False,False
UZB,2011,False,False,False,False,False,False,False,False,False
UZB,2012,False,False,False,False,False,False,False,False,False
UZB,2013,False,False,False,False,False,False,False,False,False
UZB,2014,False,False,False,False,False,False,False,False,False
UZB,2015,False,False,False,False,False,False,False,False,False
UZB,2016,False,False,False,False,False,False,False,False,False
UZB,2017,False,False,False,False,False,False,False,False,False
UZB,2018,False,True,False,False,False,False,False,False,True
UZB,2019,False,False,False,False,False,False,False,False,False
UZB,2020,False,True,False,False,False,False,False,False,True
UZB,2021,False,True,False,False,False,False,False,False,True
UZB,2022,False,True,False,False,False,False,False,False,True
UZB,2023,False,False,False,False,False,False,False,False,False
UZB,2024,False,True,False,False,False,False,False,False,True
AFG,1995,False,False,False,False,True,False,False,False,True
AFG,1996,False,False,False,False,True,False,False,False,True
AFG,1997,False,False,False,False,False,False,False,False,False
AFG,1998,False,False,False,False,False,False,False,False,False
AFG,1999,False,False,False,False,False,False,False,False,False
AFG,2000,False,False,False,False,False,False,False,False,False
AFG,2001,False,False,False,False,False,False,False,False,False
AFG,2002,False,False,False,False,False,False,False,True,True
AFG,2003,False,False,False,False,False,False,False,True,True
AFG,2004,False,False,False,False,False,False,False,True,True
AFG,2005,False,False,False,False,False,False,False,True,True
AFG,2006,False,False,False,False,False,False,False,True,True
AFG,2007,False,False,False,False,False,False,False,True,True
AFG,2008,False,False,False,False,False,False,False,True,True
AFG,2009,False,False,False,False,False,False,False,True,True
AFG,2010,False,False,False,True,False,False,False,True,True
AFG,2011,False,False,False,True,False,False,False,True,True
AFG,2012,False,False,False,True,False,False,False,True,True
AFG,2013,False,False,False,True,False,False,False,True,True
AFG,2014,False,False,False,True,False,False,False,True,True
AFG,2015,False,False,False,True,False,False,False,True,True
AFG,2016,False,False,False,True,False,False,False,True,True
AFG,2017,False,False,False,True,False,False,True,True,True
AFG,2018,False,False,False,True,False,False,True,True,True
AFG,2019,False,False,False,True,False,False,True,True,True
AFG,2020,False,False,False,True,False,False,True,True,True
AFG,2021,False,False,False,True,False,False,True,True,True
AFG,2022,False,False,False,True,False,False,False,True,True
AFG,2023,False,False,False,True,False,False,False,True,True
AFG,2024,False,False,False,True,False,False,False,False,True
BTN,1995,False,False,False,False,False,False,False,False,False
BTN,1996,False,False,False,False,False,False,False,False,False
BTN,1997,False,False,False,False,False,False,False,False,False
BTN,1998,False,False,False,False,False,False,False,False,False
BTN,1999,False,False,False,False,False,False,False,False,False
BTN,2000,False,False,False,False,False,False,False,False,False
BTN,2001,False,False,False,False,True,False,False,False,True
BTN,2002,False,False,False,False,False,False,False,False,False
BTN,2003,False,False,False,False,True,False,False,False,True
BTN,2004,False,False,False,False,True,False,False,False,True
BTN,2005,False,False,False,False,True,False,False,False,True
BTN,2006,False,False,False,False,False,False,False,False,False
BTN,2007,False,False,False,False,True,False,False,False,True
BTN,2008,False,False,False,False,False,False,False,False,False
BTN,2009,False,False,False,False,False,False,False,False,False
BTN,2010,False,False,False,False,False,False,False,False,False
BTN,2011,False,False,False,False,False,False,False,False,False
BTN,2012,False,True,False,False,False,True,False,False,True
BTN,2013,False,False,False,False,False,True,False,False,True
BTN,2014,False,False,False,False,False,False,False,False,False
BTN,2015,False,True,False,False,False,False,False,False,True
BTN,2016,True,False,False,False,False,False,False,False,True
BTN,2017,False,True,False,False,False,False,False,False,True
BTN,2018,False,True,False,False,False,False,False,False,True
BTN,2019,False,True,False,False,False,False,False,False,True
BTN,2020,False,True,False,False,False,False,False,False,True
BTN,2021,False,True,False,False,False,False,False,False,True
BTN,2022,False,True,False,False,False,False,False,False,True
BTN,2023,False,True,False,False,False,False,False,False,True
BTN,2024,False,True,False,False,False,False,False,False,True
MMR,1995,False,False,False,False,True,False,False,False,True
MMR,1996,False,False,False,False,False,False,False,False,False
MMR,1997,False,False,False,False,False,False,False,False,False
MMR,1998,False,False,False,False,False,False,False,False,False
MMR,1999,False,False,False,False,False,False,False,False,False
MMR,2000,False,False,False,False,False,False,False,False,False
MMR,2001,False,False,False,False,False,False,False,False,False
MMR,2002,False,False,False,False,True,False,False,False,True
MMR,2003,False,False,False,False,False,False,False,False,False
MMR,2004,False,False,False,False,True,False,False,False,True
MMR,2005,False,False,False,False,False,False,False,False,False
MMR,2006,False,False,False,False,False,False,False,False,False
MMR,2007,False,False,False,False,True,False,True,False,True
MMR,2008,False,False,False,False,True,False,False,False,True
MMR,2009,False,False,False,False,False,False,False,False,False
MMR,2010,False,False,False,True,False,False,False,False,True
MMR,2011,False,False,False,True,False,False,False,False,True
MMR,2012,False,False,False,True,False,False,False,False,True
MMR,2013,False,True,False,False,False,False,False,False,True
MMR,2014,False,False,False,True,False,False,False,False,True
MMR,2015,False,False,False,True,False,False,False,False,True
MMR,2016,False,False,False,True,False,False,False,False,True
MMR,2017,False,False,False,True,True,False,False,False,True
MMR,2018,False,False,False,True,False,False,False,False,True
MMR,2019,False,False,False,True,False,False,False,False,True
MMR,2020,False,False,False,True,False,False,False,False,True
MMR,2021,False,False,False,True,False,False,False,False,True
MMR,2022,False,False,False,True,False,False,False,False,True
MMR,2023,False,False,False,True,True,False,False,False,True
MMR,2024,False,False,False,True,False,False,False,False,True
LKA,1995,False,False,False,False,False,False,False,False,False
LKA,1996,False,False,False,False,False,False,False,False,False
LKA,1997,False,False,False,False,False,False,False,False,False
LKA,1998,False,False,False,False,False,False,False,False,False
LKA,1999,False,False,False,False,False,False,False,False,False
LKA,2000,False,False,False,False,False,False,False,False,False
LKA,2001,False,False,False,False,False,False,False,False,False
LKA,2002,False,False,False,False,False,False,False,False,False
LKA,2003,False,True,False,False,False,False,False,False,True
LKA,2004,False,False,False,False,False,False,False,False,False
LKA,2005,False,False,False,False,False,False,False,False,False
LKA,2006,False,False,False,False,False,False,False,False,False
LKA,2007,False,False,False,False,False,False,False,False,False
LKA,2008,False,False,False,False,False,False,False,False,False
LKA,2009,False,False,False,False,False,False,False,False,False
LKA,2010,False,False,False,True,False,False,False,False,True
LKA,2011,False,False,False,False,False,False,False,False,False
LKA,2012,False,False,False,False,False,False,False,False,False
LKA,2013,False,False,False,False,False,False,False,False,False
LKA,2014,False,False,False,False,False,False,False,False,False
LKA,2015,False,False,False,False,False,False,False,False,False
LKA,2016,False,False,False,False,False,False,False,False,False
LKA,2017,False,False,False,False,False,False,False,False,False
LKA,2018,False,False,False,False,False,False,False,False,False
LKA,2019,False,False,False,False,False,False,False,False,False
LKA,2020,False,False,False,False,False,False,False,False,False
LKA,2021,False,False,False,False,False,False,False,False,False
LKA,2022,False,False,False,False,False,False,False,False,False
LKA,2023,False,True,False,False,False,False,False,False,True
LKA,2024,False,False,False,False,False,False,False,False,False
IND,1995,False,False,False,False,False,False,False,False,False
IND,1996,False,False,False,False,False,False,False,False,False
IND,1997,False,False,False,False,False,False,False,False,False
IND,1998,False,False,False,False,False,False,False,False,False
IND,1999,False,False,False,False,False,False,False,False,False
IND,2000,False,False,False,False,False,False,False,False,False
IND,2001,False,False,False,False,False,False,False,False,False
IND,2002,False,False,False,False,False,False,False,False,False
IND,2003,False,False,False,False,False,False,False,False,False
IND,2004,False,False,False,False,False,False,False,False,False
IND,2005,False,False,False,False,False,False,False,False,False
IND,2006,False,False,False,False,False,False,False,False,False
IND,2007,False,False,False,False,False,False,False,False,False
IND,2008,False,False,False,False,False,False,False,False,False
IND,2009,False,False,False,False,False,False,False,False,False
IND,2010,False,False,False,False,False,False,False,False,False
IND,2011,False,False,False,False,False,False,False,False,False
IND,2012,False,False,False,False,False,False,False,False,False
IND,2013,False,False,False,False,False,False,False,False,False
IND,2014,False,False,False,False,False,False,False,False,False
IND,2015,False,False,False,False,False,False,False,False,False
IND,2016,False,False,False,False,False,False,False,False,False
IND,2017,False,False,False,False,False,False,False,False,False
IND,2018,False,False,False,False,False,False,False,False,False
IND,2019,False,False,False,False,False,False,False,False,False
IND,2020,False,False,False,False,False,False,False,False,False
IND,2021,False,False,False,False,False,False,False,False,False
IND,2022,False,False,False,False,False,False,False,False,False
IND,2023,False,False,False,False,False,True,False,False,True
IND,2024,False,False,False,False,False,True,False,False,True
MDV,1995,False,False,False,False,True,False,False,False,True
MDV,1996,False,False,False,False,False,False,False,False,False
MDV,1997,False,False,False,False,False,False,False,False,False
MDV,1998,False,False,False,False,False,False,False,False,False
MDV,1999,False,False,False,False,False,False,False,False,False
MDV,2000,False,False,False,False,False,False,False,False,False
MDV,2001,False,False,False,False,False,False,False,False,False
MDV,2002,False,False,False,False,False,False,False,False,False
MDV,2003,False,False,False,False,False,False,False,False,False
MDV,2004,False,False,False,False,False,False,False,False,False
MDV,2005,False,False,False,False,False,False,False,False,False
MDV,2006,False,False,False,False,False,False,False,False,False
MDV,2007,False,False,False,False,False,False,False,False,False
MDV,2008,False,False,False,False,True,True,False,False,True
MDV,2009,False,False,False,False,False,True,False,False,True
MDV,2010,False,False,False,False,False,False,False,False,False
MDV,2011,False,False,False,True,False,False,False,False,True
MDV,2012,True,False,False,False,False,True,False,False,True
MDV,2013,False,False,False,False,False,True,False,False,True
MDV,2014,True,False,False,False,False,True,False,False,True
MDV,2015,False,False,False,False,False,True,False,False,True
MDV,2016,False,False,False,False,False,True,False,False,True
MDV,2017,False,False,False,False,False,False,False,False,False
MDV,2018,False,False,False,False,False,False,False,False,False
MDV,2019,False,False,False,False,False,False,False,False,False
MDV,2020,False,True,False,False,False,False,False,False,True
MDV,2021,False,False,False,False,False,False,False,False,False
MDV,2022,False,False,False,False,False,False,False,False,False
MDV,2023,False,False,False,False,False,False,False,False,False
MDV,2024,False,False,False,False,False,False,False,False,False
NPL,1995,False,False,False,False,False,False,False,False,False
NPL,1996,False,False,False,False,False,False,False,False,False
NPL,1997,False,False,False,False,False,False,False,False,False
NPL,1998,False,False,False,False,False,False,False,False,False
NPL,1999,False,False,False,False,False,False,False,False,False
NPL,2000,False,False,False,False,False,False,False,False,False
NPL,2001,False,False,False,False,False,False,False,False,False
NPL,2002,False,False,False,False,False,False,False,False,False
NPL,2003,False,False,False,False,False,False,False,False,False
NPL,2004,False,False,False,False,False,False,False,False,False
NPL,2005,False,False,False,False,True,False,False,False,True
NPL,2006,False,False,False,False,False,False,False,False,False
NPL,2007,False,False,False,False,True,False,False,False,True
NPL,2008,False,False,False,False,False,False,False,False,False
NPL,2009,False,False,False,False,False,False,False,False,False
NPL,2010,False,False,False,False,False,False,False,False,False
NPL,2011,False,False,False,True,False,False,False,False,True
NPL,2012,False,False,False,True,False,False,False,False,True
NPL,2013,False,False,False,True,False,False,False,False,True
NPL,2014,False,False,False,False,False,False,False,False,False
NPL,2015,False,False,False,True,False,False,False,False,True
NPL,2016,False,False,False,True,False,False,False,False,True
NPL,2017,False,False,False,True,False,False,False,False,True
NPL,2018,False,False,False,False,False,False,False,False,False
NPL,2019,False,False,False,False,False,False,False,False,False
NPL,2020,False,True,False,False,False,False,False,False,True
NPL,2021,False,False,False,False,False,False,False,False,False
NPL,2022,False,False,False,False,False,False,False,False,False
NPL,2023,False,False,False,False,False,False,False,False,False
NPL,2024,False,False,False,False,False,False,True,False,True
PAK,1995,False,False,False,False,False,False,False,False,False
PAK,1996,False,False,False,False,False,False,False,False,False
PAK,1997,False,False,False,False,False,False,False,False,False
PAK,1998,False,False,False,False,False,False,False,False,False
PAK,1999,False,False,False,False,False,False,False,False,False
PAK,2000,False,False,False,False,False,False,False,False,False
PAK,2001,False,True,False,False,False,False,False,False,True
PAK,2002,False,True,False,False,False,False,False,False,True
PAK,2003,False,False,False,False,False,False,False,False,False
PAK,2004,False,True,False,False,False,False,False,False,True
PAK,2005,False,False,False,False,False,False,False,False,False
PAK,2006,False,False,False,False,False,False,False,False,False
PAK,2007,False,True,False,False,False,False,False,False,True
PAK,2008,False,False,False,False,False,False,False,False,False
PAK,2009,False,False,False,False,False,False,False,False,False
PAK,2010,False,False,False,True,False,False,False,False,True
PAK,2011,False,False,False,True,False,False,False,False,True
PAK,2012,False,False,False,True,False,False,False,False,True
PAK,2013,False,False,False,True,False,False,False,False,True
PAK,2014,False,False,False,False,False,False,False,False,False
PAK,2015,False,True,False,False,False,False,False,False,True
PAK,2016,False,False,False,False,False,False,False,False,False
PAK,2017,False,False,False,False,False,False,True,False,True
PAK,2018,False,False,False,False,False,False,True,False,True
PAK,2019,False,False,False,False,False,False,False,False,False
PAK,2020,False,True,False,False,False,False,False,False,True
PAK,2021,False,False,False,False,False,False,False,False,False
PAK,2022,False,False,False,False,False,False,False,False,False
PAK,2023,False,True,False,False,False,False,False,False,True
PAK,2024,False,True,False,False,False,False,False,False,True
BGD,1995,False,False,False,False,False,False,False,False,False
BGD,1996,False,False,False,False,False,False,False,False,False
BGD,1997,False,False,False,False,False,False,False,False,False
BGD,1998,False,False,False,False,False,False,False,False,False
BGD,1999,False,False,False,False,False,False,False,False,False
BGD,2000,False,False,False,False,False,False,False,False,False
BGD,2001,False,False,False,False,False,False,False,False,False
BGD,2002,False,False,False,False,False,False,False,False,False
BGD,2003,False,True,False,False,False,False,False,False,True
BGD,2004,False,False,False,False,False,False,False,False,False
BGD,2005,False,False,False,False,False,False,False,False,False
BGD,2006,False,False,False,False,False,False,False,False,False
BGD,2007,False,False,False,False,True,False,False,False,True
BGD,2008,False,False,False,False,False,False,False,False,False
BGD,2009,False,False,False,False,False,False,False,False,False
BGD,2010,False,False,False,True,False,False,False,False,True
BGD,2011,False,False,False,True,False,False,False,False,True
BGD,2012,False,False,False,True,False,False,False,False,True
BGD,2013,False,False,False,True,False,False,False,False,True
BGD,2014,False,False,False,True,False,False,False,False,True
BGD,2015,False,False,False,False,False,False,False,False,False
BGD,2016,False,False,False,False,False,False,False,False,False
BGD,2017,False,False,False,False,False,False,False,False,False
BGD,2018,False,False,False,True,False,False,False,False,True
BGD,2019,False,False,False,True,False,False,False,False,True
BGD,2020,False,False,False,False,False,False,False,False,False
BGD,2021,False,False,False,False,False,False,False,False,False
BGD,2022,False,False,False,False,False,False,False,False,False
BGD,2023,False,False,False,False,False,False,False,False,False
BGD,2024,False,False,False,False,False,False,False,False,False
KHM,1995,False,False,False,False,False,False,False,False,False
KHM,1996,False,False,False,False,False,False,False,False,False
KHM,1997,False,False,False,False,False,False,False,False,False
KHM,1998,False,False,False,False,False,False,False,False,False
KHM,1999,False,False,False,False,False,False,False,False,False
KHM,2000,False,False,False,False,False,False,False,False,False
KHM,2001,False,False,False,False,False,False,False,False,False
KHM,2002,False,False,False,False,False,False,False,False,False
KHM,2003,False,False,False,False,False,False,False,False,False
KHM,2004,False,False,False,False,True,False,False,False,True
KHM,2005,False,False,False,False,True,False,False,False,True
KHM,2006,False,False,False,False,False,False,False,False,False
KHM,2007,False,False,False,False,True,False,False,False,True
KHM,2008,False,False,False,False,True,False,False,False,True
KHM,2009,False,False,False,False,False,False,False,False,False
KHM,2010,False,False,False,True,True,False,False,False,True
KHM,2011,False,False,False,False,True,False,False,False,True
KHM,2012,False,False,False,True,False,False,False,False,True
KHM,2013,False,False,False,True,False,False,False,False,True
KHM,2014,False,False,False,True,True,False,False,False,True
KHM,2015,False,False,False,True,True,False,False,False,True
KHM,2016,False,False,False,True,True,False,False,False,True
KHM,2017,False,False,False,True,True,False,False,False,True
KHM,2018,False,False,False,True,True,False,False,False,True
KHM,2019,False,False,False,False,False,False,False,False,False
KHM,2020,False,False,False,False,False,False,False,False,False
KHM,2021,False,False,False,False,False,False,False,False,False
KHM,2022,False,False,False,False,False,False,False,False,False
KHM,2023,False,False,False,False,False,False,False,False,False
KHM,2024,False,False,False,False,False,False,False,False,False
CHN,1995,False,False,False,False,False,False,False,False,False
CHN,1996,False,False,False,False,False,False,False,False,False
CHN,1997,False,False,False,False,False,False,False,False,False
CHN,1998,False,False,False,False,False,False,False,False,False
CHN,1999,False,False,False,False,False,False,False,False,False
CHN,2000,False,False,False,False,False,False,False,False,False
CHN,2001,False,False,False,False,False,False,False,False,False
CHN,2002,False,False,False,False,False,False,False,False,False
CHN,2003,False,False,False,False,False,False,False,False,False
CHN,2004,False,False,False,False,False,False,False,False,False
CHN,2005,False,False,False,False,False,False,False,False,False
CHN,2006,False,False,False,False,False,True,False,False,True
CHN,2007,False,False,False,False,False,True,False,False,True
CHN,2008,False,False,False,False,False,True,False,False,True
CHN,2009,False,False,False,False,False,True,False,False,True
CHN,2010,False,False,False,False,False,True,False,False,True
CHN,2011,False,False,False,False,False,True,False,False,True
CHN,2012,False,False,False,False,False,True,False,False,True
CHN,2013,False,False,False,False,False,True,False,False,True
CHN,2014,True,False,False,False,False,True,False,False,True
CHN,2015,False,False,False,False,False,True,False,False,True
CHN,2016,False,False,False,False,False,True,False,False,True
CHN,2017,True,False,False,False,False,True,False,False,True
CHN,2018,False,False,False,False,False,True,False,False,True
CHN,2019,True,False,False,False,False,True,False,False,True
CHN,2020,False,False,False,False,False,True,False,False,True
CHN,2021,False,False,False,False,False,True,False,False,True
CHN,2022,False,False,False,False,False,True,False,False,True
CHN,2023,False,False,False,False,False,True,False,False,True
CHN,2024,False,False,False,False,False,True,False,False,True
IDN,1995,False,False,False,False,False,False,False,False,False
IDN,1996,False,False,False,False,False,False,False,False,False
IDN,1997,False,False,False,False,False,False,False,False,False
IDN,1998,False,False,False,False,False,False,False,False,False
IDN,1999,False,False,False,False,False,False,False,False,False
IDN,2000,False,False,False,False,False,False,False,False,False
IDN,2001,False,False,False,False,False,False,False,False,False
IDN,2002,False,False,False,False,False,False,False,False,False
IDN,2003,False,False,False,False,False,False,False,False,False
IDN,2004,False,False,False,False,False,False,False,False,False
IDN,2005,False,False,False,False,False,False,False,False,False
IDN,2006,False,False,False,False,False,False,False,False,False
IDN,2007,False,False,False,False,False,False,False,False,False
IDN,2008,False,False,False,False,False,False,False,False,False
IDN,2009,False,False,False,False,False,False,False,False,False
IDN,2010,False,False,False,False,False,False,False,False,False
IDN,2011,False,False,False,True,False,False,False,False,True
IDN,2012,False,False,False,True,False,False,False,False,True
IDN,2013,False,False,False,False,False,False,False,False,False
IDN,2014,False,False,False,False,False,False,False,False,False
IDN,2015,False,False,False,False,False,False,False,False,False
IDN,2016,False,False,False,False,False,False,False,False,False
IDN,2017,False,False,False,False,False,False,False,False,False
IDN,2018,False,False,False,False,False,False,False,False,False
IDN,2019,False,False,False,False,False,True,False,False,True
IDN,2020,False,True,False,False,False,False,False,False,True
IDN,2021,False,False,False,False,False,False,False,False,False
IDN,2022,False,False,False,True,False,False,False,False,True
IDN,2023,False,True,False,False,False,False,False,False,True
IDN,2024,False,False,False,False,False,False,False,False,False
PRK,1995,False,False,False,False,False,False,False,False,False
PRK,1996,False,False,False,False,False,False,False,False,False
PRK,1997,False,False,False,False,False,False,False,False,False
PRK,1998,False,False,False,False,False,False,False,False,False
PRK,1999,False,False,False,False,False,False,False,False,False
PRK,2000,False,False,False,False,False,False,False,False,False
PRK,2001,False,False,False,False,False,False,False,False,False
PRK,2002,False,False,False,False,False,False,False,False,False
PRK,2003,False,False,False,False,False,False,False,False,False
PRK,2004,False,False,False,False,False,False,False,False,False
PRK,2005,False,False,False,False,False,False,False,False,False
PRK,2006,False,False,False,False,False,False,False,False,False
PRK,2007,False,False,False,False,False,False,False,False,False
PRK,2008,False,False,False,False,False,False,False,False,False
PRK,2009,False,False,False,False,False,False,False,False,False
PRK,2010,False,False,False,False,False,False,False,False,False
PRK,2011,False,False,False,False,False,False,False,False,False
PRK,2012,False,False,False,True,False,False,False,False,True
PRK,2013,False,False,False,False,False,False,False,False,False
PRK,2014,False,False,False,True,False,True,False,False,True
PRK,2015,False,False,False,False,False,False,False,False,False
PRK,2016,False,False,False,False,False,False,False,False,False
PRK,2017,False,False,False,True,False,False,False,False,True
PRK,2018,False,False,False,False,False,False,False,False,False
PRK,2019,False,False,False,True,False,False,False,False,True
PRK,2020,False,False,False,True,False,False,False,False,True
PRK,2021,False,False,False,True,True,True,True,False,True
PRK,2022,False,False,False,False,True,True,True,False,True
PRK,2023,False,False,False,False,False,True,True,False,True
PRK,2024,True,False,False,True,False,False,True,False,True
LAO,1995,False,False,False,False,False,False,False,False,False
LAO,1996,False,False,False,False,False,False,False,False,False
LAO,1997,False,False,False,False,False,False,False,False,False
LAO,1998,False,False,False,False,False,False,False,False,False
LAO,1999,False,False,False,False,False,False,False,False,False
LAO,2000,False,False,False,False,False,False,False,False,False
LAO,2001,False,False,False,False,False,False,False,False,False
LAO,2002,False,False,False,False,False,False,False,False,False
LAO,2003,False,False,False,False,False,False,False,False,False
LAO,2004,False,False,False,False,False,False,False,False,False
LAO,2005,False,False,False,False,False,False,False,False,False
LAO,2006,False,False,False,False,False,False,False,False,False
LAO,2007,False,False,False,False,False,False,False,False,False
LAO,2008,False,False,False,False,False,False,False,False,False
LAO,2009,False,False,False,False,False,False,False,False,False
LAO,2010,False,False,False,True,False,False,False,False,True
LAO,2011,False,False,False,True,False,False,False,False,True
LAO,2012,False,False,False,True,False,False,False,False,True
LAO,2013,False,False,False,True,False,False,False,False,True
LAO,2014,False,False,False,True,True,False,False,False,True
LAO,2015,False,False,False,False,False,False,False,False,False
LAO,2016,False,False,False,False,False,False,False,False,False
LAO,2017,False,False,False,False,False,False,False,False,False
LAO,2018,False,False,False,False,False,False,False,False,False
LAO,2019,False,False,False,False,False,False,False,False,False
LAO,2020,False,False,False,False,False,False,False,False,False
LAO,2021,False,False,False,False,False,False,False,False,False
LAO,2022,False,False,False,False,False,False,True,False,True
LAO,2023,False,False,False,False,False,False,True,False,True
LAO,2024,False,False,False,False,False,False,True,False,True
MYS,1995,False,False,False,False,False,False,False,False,False
MYS,1996,False,False,False,False,False,False,False,False,False
MYS,1997,False,False,False,False,False,False,False,False,False
MYS,1998,False,False,False,False,False,False,False,False,False
MYS,1999,False,False,False,False,False,False,False,False,False
MYS,2000,False,False,False,False,False,False,False,False,False
MYS,2001,False,False,False,False,False,False,False,False,False
MYS,2002,False,False,False,False,False,False,False,False,False
MYS,2003,False,False,False,False,False,False,False,False,False
MYS,2004,False,False,False,False,False,False,False,False,False
MYS,2005,False,False,False,False,False,False,False,False,False
MYS,2006,False,False,False,False,False,False,False,False,False
MYS,2007,False,False,False,False,False,False,False,False,False
MYS,2008,False,False,False,False,False,False,False,False,False
MYS,2009,False,False,False,False,False,True,False,False,True
MYS,2010,False,False,False,False,False,True,False,False,True
MYS,2011,False,False,False,False,False,True,False,False,True
MYS,2012,False,False,False,False,False,True,False,False,True
MYS,2013,False,False,False,False,False,True,False,False,True
MYS,2014,False,False,False,False,False,True,False,False,True
MYS,2015,False,False,False,False,False,True,False,False,True
MYS,2016,True,False,False,False,False,True,False,False,True
MYS,2017,True,False,False,False,False,True,False,False,True
MYS,2018,True,False,False,False,False,True,False,False,True
MYS,2019,True,False,False,False,False,True,True,False,True
MYS,2020,True,False,False,False,False,True,True,False,True
MYS,2021,True,False,False,False,False,True,True,False,True
MYS,2022,False,False,False,False,False,True,True,False,True
MYS,2023,False,False,False,False,False,True,True,False,True
MYS,2024,False,False,False,False,False,True,True,False,True
MNG,1995,False,False,False,False,False,False,False,False,False
MNG,1996,False,False,False,False,False,False,False,False,False
MNG,1997,False,False,False,False,False,False,False,False,False
MNG,1998,False,False,False,False,False,False,False,False,False
MNG,1999,False,False,False,False,False,False,False,False,False
MNG,2000,False,False,False,False,False,False,False,False,False
MNG,2001,False,False,False,False,False,False,False,False,False
MNG,2002,False,False,False,False,False,False,False,False,False
MNG,2003,False,False,False,False,False,False,False,False,False
MNG,2004,False,False,False,False,False,False,False,False,False
MNG,2005,False,False,False,False,False,False,False,False,False
MNG,2006,False,False,False,False,False,True,False,False,True
MNG,2007,False,False,False,False,False,True,False,False,True
MNG,2008,False,False,False,False,False,False,False,False,False
MNG,2009,False,False,False,False,False,False,False,False,False
MNG,2010,True,False,False,False,False,False,False,False,True
MNG,2011,False,False,False,False,False,True,False,False,True
MNG,2012,False,False,False,False,False,False,False,False,False
MNG,2013,False,False,False,False,False,False,False,False,False
MNG,2014,False,False,False,False,False,False,False,False,False
MNG,2015,True,False,False,False,False,False,False,False,True
MNG,2016,False,False,False,False,False,False,False,False,False
MNG,2017,False,True,False,False,False,False,False,False,True
MNG,2018,False,False,False,False,False,False,False,False,False
MNG,2019,True,False,False,False,False,False,False,False,True
MNG,2020,False,True,False,False,False,False,False,False,True
MNG,2021,False,False,False,False,False,False,True,False,True
MNG,2022,False,False,False,False,False,False,False,False,False
MNG,2023,False,False,False,False,False,False,False,False,False
MNG,2024,False,False,False,False,False,False,False,False,False
PHL,1995,False,False,False,False,False,False,False,False,False
PHL,1996,False,False,False,False,False,False,False,False,False
PHL,1997,False,False,False,False,False,False,False,False,False
PHL,1998,False,False,False,False,False,False,False,False,False
PHL,1999,False,False,False,False,False,False,False,False,False
PHL,2000,False,False,False,False,False,False,False,False,False
PHL,2001,False,False,False,False,False,False,False,False,False
PHL,2002,False,False,False,False,False,False,False,False,False
PHL,2003,False,False,False,False,False,False,False,False,False
PHL,2004,False,False,False,False,False,False,False,False,False
PHL,2005,False,False,False,False,False,False,False,False,False
PHL,2006,False,False,False,False,False,False,False,False,False
PHL,2007,False,False,False,False,False,False,False,False,False
PHL,2008,False,False,False,False,False,False,False,False,False
PHL,2009,False,False,False,False,False,False,False,False,False
PHL,2010,False,False,False,True,False,False,False,False,True
PHL,2011,False,False,False,True,False,False,False,False,True
PHL,2012,False,False,False,False,False,False,False,False,False
PHL,2013,False,False,False,True,False,False,False,False,True
PHL,2014,False,False,False,True,False,False,False,False,True
PHL,2015,False,False,False,False,False,False,False,False,False
PHL,2016,False,False,False,False,True,False,False,False,True
PHL,2017,False,False,False,False,True,False,True,False,True
PHL,2018,False,False,False,False,False,True,False,False,True
PHL,2019,False,False,False,False,False,False,False,False,False
PHL,2020,False,False,False,False,False,False,False,False,False
PHL,2021,False,False,False,False,False,False,False,False,False
PHL,2022,False,False,False,False,False,False,False,False,False
PHL,2023,False,False,False,False,False,False,False,False,False
PHL,2024,False,False,False,False,False,False,False,False,False
THA,1995,False,False,False,False,False,False,False,False,False
THA,1996,False,False,False,False,False,False,False,False,False
THA,1997,False,False,False,False,False,False,False,False,False
THA,1998,False,False,False,False,False,False,False,False,False
THA,1999,False,False,False,False,False,False,False,False,False
THA,2000,False,False,False,False,False,False,False,False,False
THA,2001,False,False,False,False,False,False,False,False,False
THA,2002,False,False,False,False,False,False,False,False,False
THA,2003,False,False,False,False,False,False,False,False,False
THA,2004,False,False,False,False,False,False,False,False,False
THA,2005,False,False,False,False,False,False,False,False,False
THA,2006,False,False,False,False,False,False,False,False,False
THA,2007,False,False,False,False,False,False,False,False,False
THA,2008,False,False,False,False,False,False,False,False,False
THA,2009,False,False,False,False,False,True,False,False,True
THA,2010,True,False,False,False,False,True,False,False,True
THA,2011,False,False,False,False,False,True,False,False,True
THA,2012,True,False,False,False,False,True,False,False,True
THA,2013,False,False,False,False,False,False,False,False,False
THA,2014,False,False,False,False,False,False,False,False,False
THA,2015,True,False,False,False,False,False,False,False,True
THA,2016,False,False,False,False,False,False,False,False,False
THA,2017,False,False,False,False,False,False,False,False,False
THA,2018,True,False,False,True,False,False,False,False,True
THA,2019,True,False,False,True,False,False,False,False,True
THA,2020,False,False,False,False,False,False,True,False,True
THA,2021,False,False,False,True,False,False,True,False,True
THA,2022,False,True,False,False,False,False,False,False,True
THA,2023,False,False,False,True,False,False,True,False,True
THA,2024,True,False,False,True,False,True,True,False,True
TLS,1995,False,False,False,False,False,False,False,False,False
TLS,1996,False,False,False,False,False,False,False,False,False
TLS,1997,False,False,False,False,False,False,False,False,False
TLS,1998,False,False,False,False,False,False,False,False,False
TLS,1999,False,False,False,False,False,False,False,True,True
TLS,2000,False,False,False,False,False,False,False,True,True
TLS,2001,False,False,False,False,False,False,False,True,True
TLS,2002,False,False,False,False,False,False,False,True,True
TLS,2003,False,False,False,False,False,False,False,True,True
TLS,2004,False,False,False,False,False,False,False,True,True
TLS,2005,False,False,False,False,False,False,False,True,True
TLS,2006,False,False,False,False,False,False,False,True,True
TLS,2007,False,False,False,False,False,False,False,True,True
TLS,2008,False,False,False,False,False,False,False,True,True
TLS,2009,False,False,False,False,False,False,False,True,True
TLS,2010,True,False,False,True,False,False,False,True,True
TLS,2011,True,False,False,True,False,False,False,True,True
TLS,2012,True,False,False,True,False,False,False,True,True
TLS,2013,True,False,False,False,False,False,False,False,True
TLS,2014,False,False,False,True,False,False,False,False,True
TLS,2015,True,False,False,True,False,False,False,False,True
TLS,2016,False,False,False,False,False,False,False,False,False
TLS,2017,True,False,False,False,False,False,True,False,True
TLS,2018,True,False,False,False,False,False,True,False,True
TLS,2019,False,False,False,False,False,False,True,False,True
TLS,2020,False,False,False,False,False,False,True,False,True
TLS,2021,False,False,False,False,False,False,True,False,True
TLS,2022,False,False,False,False,False,False,True,False,True
TLS,2023,False,False,False,False,False,False,True,False,True
TLS,2024,False,False,False,False,False,False,True,False,True
VNM,1995,False,False,False,False,False,False,False,False,False
VNM,1996,False,False,False,False,False,False,False,False,False
VNM,1997,False,False,False,False,False,False,False,False,False
VNM,1998,False,False,False,False,False,False,False,False,False
VNM,1999,False,False,False,False,False,False,False,False,False
VNM,2000,False,False,False,False,False,False,False,False,False
VNM,2001,False,False,False,False,False,False,False,False,False
VNM,2002,False,False,False,False,False,False,False,False,False
VNM,2003,False,False,False,False,False,False,False,False,False
VNM,2004,False,False,False,False,False,False,False,False,False
VNM,2005,False,False,False,False,False,False,False,False,False
VNM,2006,False,False,False,False,False,False,False,False,False
VNM,2007,False,False,False,False,False,False,False,False,False
VNM,2008,False,False,False,False,False,False,False,False,False
VNM,2009,False,True,False,False,False,False,False,False,True
VNM,2010,False,False,False,False,False,False,False,False,False
VNM,2011,False,False,False,False,False,False,False,False,False
VNM,2012,False,False,False,False,False,False,False,False,False
VNM,2013,False,False,False,False,False,False,False,False,False
VNM,2014,False,False,False,False,False,False,False,False,False
VNM,2015,False,False,False,False,False,False,False,False,False
VNM,2016,False,False,False,False,False,False,False,False,False
VNM,2017,False,False,False,False,False,False,False,False,False
VNM,2018,False,False,False,False,False,False,False,False,False
VNM,2019,False,False,False,False,False,False,False,False,False
VNM,2020,False,False,False,False,False,False,False,False,False
VNM,2021,False,False,False,False,False,False,False,False,False
VNM,2022,False,False,False,False,False,False,False,False,False
VNM,2023,False,False,False,False,False,False,False,False,False
VNM,2024,False,False,False,False,False,False,False,False,False
FJI,1995,False,False,False,False,False,False,False,False,False
FJI,1996,False,False,False,False,False,False,False,False,False
FJI,1997,False,False,False,False,False,False,False,False,False
FJI,1998,False,False,False,False,False,False,False,False,False
FJI,1999,False,False,False,False,False,False,False,False,False
FJI,2000,False,False,False,False,False,False,False,False,False
FJI,2001,False,False,False,False,False,False,False,False,False
FJI,2002,False,False,False,False,False,False,False,False,False
FJI,2003,False,False,False,False,False,False,False,False,False
FJI,2004,False,False,False,False,False,False,False,False,False
FJI,2005,False,False,False,False,False,False,False,False,False
FJI,2006,False,False,False,False,True,False,False,False,True
FJI,2007,False,False,False,False,False,False,False,False,False
FJI,2008,False,False,False,False,True,False,False,False,True
FJI,2009,False,False,False,False,True,True,False,False,True
FJI,2010,True,False,False,False,False,True,False,False,True
FJI,2011,True,False,False,False,True,True,False,False,True
FJI,2012,True,False,False,False,False,False,False,False,True
FJI,2013,True,False,False,False,False,False,False,False,True
FJI,2014,True,False,False,False,False,True,False,False,True
FJI,2015,True,False,False,False,True,False,False,False,True
FJI,2016,True,False,False,True,True,False,False,False,True
FJI,2017,False,False,False,False,False,False,False,False,False
FJI,2018,True,False,False,False,False,False,False,False,True
FJI,2019,True,False,False,False,False,False,True,False,True
FJI,2020,True,False,False,False,False,False,True,False,True
FJI,2021,False,True,False,False,False,False,False,False,True
FJI,2022,False,True,False,False,False,False,False,False,True
FJI,2023,False,False,False,False,False,False,True,False,True
FJI,2024,False,True,False,False,False,False,True,False,True
KIR,1995,False,False,False,False,False,False,False,False,False
KIR,1996,False,False,False,False,False,False,False,False,False
KIR,1997,False,False,False,False,False,False,False,False,False
KIR,1998,False,False,False,False,False,False,False,False,False
KIR,1999,False,False,False,False,False,False,False,False,False
KIR,2000,False,False,False,False,False,False,False,False,False
KIR,2001,False,False,False,False,False,False,False,False,False
KIR,2002,False,False,False,False,False,False,False,True,True
KIR,2003,False,False,False,False,False,False,False,True,True
KIR,2004,False,False,False,False,False,False,False,False,False
KIR,2005,False,False,False,False,False,False,False,True,True
KIR,2006,False,False,False,False,False,True,False,True,True
KIR,2007,False,False,False,False,False,True,False,True,True
KIR,2008,False,False,False,False,True,True,False,True,True
KIR,2009,False,False,False,False,False,True,False,True,True
KIR,2010,True,False,False,True,True,True,False,False,True
KIR,2011,True,False,False,True,False,True,False,True,True
KIR,2012,True,False,False,True,False,True,False,True,True
KIR,2013,True,False,False,True,False,False,False,True,True
KIR,2014,False,False,False,True,False,False,False,True,True
KIR,2015,True,False,False,True,False,False,False,True,True
KIR,2016,False,False,False,True,False,False,False,True,True
KIR,2017,False,False,False,False,False,False,False,True,True
KIR,2018,True,False,False,False,False,False,False,True,True
KIR,2019,True,False,False,False,False,False,False,True,True
KIR,2020,False,False,False,False,False,False,False,True,True
KIR,2021,False,False,False,False,False,False,False,True,True
KIR,2022,False,False,False,False,False,False,False,True,True
KIR,2023,False,False,False,False,False,False,False,True,True
KIR,2024,False,False,False,False,False,False,False,True,True
NRU,1995,False,False,False,False,False,False,False,False,False
NRU,1996,False,False,False,False,False,False,False,False,False
NRU,1997,False,False,False,False,False,False,False,False,False
NRU,1998,False,False,False,False,False,False,False,False,False
NRU,1999,False,False,False,False,False,False,False,False,False
NRU,2000,False,False,False,False,False,False,False,False,False
NRU,2001,False,False,False,False,False,False,False,True,True
NRU,2002,False,False,False,False,False,False,False,True,True
NRU,2003,False,False,False,False,False,False,False,True,True
NRU,2004,False,False,False,False,False,False,False,True,True
NRU,2005,False,False,False,False,False,False,False,True,True
NRU,2006,False,False,False,False,False,False,False,True,True
NRU,2007,False,False,False,False,False,False,False,True,True
NRU,2008,False,False,False,False,True,False,False,True,True
NRU,2009,False,False,False,False,False,False,False,True,True
NRU,2010,True,True,False,False,False,False,False,True,True
NRU,2011,False,True,False,False,False,False,False,True,True
NRU,2012,True,True,False,False,False,False,False,True,True
NRU,2013,True,True,False,False,False,False,False,True,True
NRU,2014,True,False,False,True,False,False,False,True,True
NRU,2015,True,False,False,True,False,False,False,True,True
NRU,2016,True,False,False,False,False,False,False,True,True
NRU,2017,True,False,False,False,False,True,False,True,True
NRU,2018,True,False,False,True,False,False,False,True,True
NRU,2019,True,False,False,True,False,False,False,True,True
NRU,2020,True,False,False,True,False,False,False,True,True
NRU,2021,False,False,False,False,False,False,False,True,True
NRU,2022,False,False,False,False,False,False,False,True,True
NRU,2023,True,False,False,False,False,False,False,True,True
NRU,2024,False,True,False,False,False,False,False,True,True
VUT,1995,False,False,False,False,False,False,False,False,False
VUT,1996,False,False,False,False,False,False,False,False,False
VUT,1997,False,False,False,False,False,False,False,False,False
VUT,1998,False,False,False,False,False,False,False,False,False
VUT,1999,False,False,False,False,False,False,False,False,False
VUT,2000,False,False,False,False,False,False,False,False,False
VUT,2001,False,False,False,False,False,False,False,False,False
VUT,2002,False,False,False,False,False,False,False,False,False
VUT,2003,False,False,False,False,False,False,False,False,False
VUT,2004,False,False,False,False,False,False,False,False,False
VUT,2005,False,False,False,False,False,False,False,False,False
VUT,2006,False,False,False,False,False,True,False,False,True
VUT,2007,False,False,False,False,True,False,False,False,True
VUT,2008,False,False,False,False,False,False,False,False,False
VUT,2009,False,False,False,False,True,False,False,False,True
VUT,2010,True,False,False,False,True,False,False,False,True
VUT,2011,True,False,False,True,True,False,False,False,True
VUT,2012,True,False,False,True,True,False,False,False,True
VUT,2013,True,False,False,True,True,False,False,False,True
VUT,2014,True,False,False,True,True,False,False,False,True
VUT,2015,True,False,False,True,False,False,False,True,True
VUT,2016,True,False,False,True,False,False,False,False,True
VUT,2017,True,False,False,True,False,False,False,False,True
VUT,2018,True,False,False,False,False,False,False,False,True
VUT,2019,True,False,False,False,False,False,False,False,True
VUT,2020,False,False,False,False,False,False,False,True,True
VUT,2021,False,True,False,False,False,False,False,True,True
VUT,2022,False,False,False,False,False,False,False,False,False
VUT,2023,False,False,False,False,False,False,False,False,False
VUT,2024,False,False,False,False,False,False,False,False,False
NIU,1995,False,False,False,False,False,False,False,False,False
NIU,1996,False,False,False,False,False,False,False,False,False
NIU,1997,False,False,False,False,False,False,False,False,False
NIU,1998,False,False,False,False,False,False,False,False,False
NIU,1999,False,False,False,False,False,False,False,False,False
NIU,2000,False,False,False,False,False,False,False,False,False
NIU,2001,False,False,False,False,False,False,False,False,False
NIU,2002,False,False,False,False,False,False,False,False,False
NIU,2003,False,False,False,False,False,False,False,False,False
NIU,2004,False,False,False,False,False,False,False,False,False
NIU,2005,False,False,False,False,False,False,False,False,False
NIU,2006,False,True,False,False,False,False,False,False,True
NIU,2007,False,True,False,False,False,False,False,False,True
NIU,2008,False,True,False,False,False,False,False,False,True
NIU,2009,False,True,False,False,False,True,False,False,True
NIU,2010,True,True,False,False,False,False,False,False,True
NIU,2011,False,False,False,True,False,False,False,False,True
NIU,2012,True,True,False,False,False,False,False,False,True
NIU,2013,True,True,False,True,False,False,False,False,True
NIU,2014,False,True,False,True,False,False,False,False,True
NIU,2015,False,True,False,True,False,False,False,False,True
NIU,2016,False,True,False,True,False,False,False,False,True
NIU,2017,False,True,False,True,False,False,False,False,True
NIU,2018,False,True,False,False,False,False,False,False,True
NIU,2019,False,True,False,False,False,False,False,False,True
NIU,2020,False,True,False,False,False,False,False,False,True
NIU,2021,False,True,False,False,False,False,False,False,True
NIU,2022,False,True,False,False,False,False,False,False,True
NIU,2023,False,True,False,False,False,False,False,False,True
NIU,2024,False,True,False,False,False,False,False,False,True
MHL,1995,False,False,False,False,False,False,False,False,False
MHL,1996,False,False,False,False,False,False,False,False,False
MHL,1997,False,False,False,False,False,False,False,False,False
MHL,1998,False,False,False,False,False,False,False,False,False
MHL,1999,False,False,False,False,False,False,False,False,False
MHL,2000,False,False,False,False,False,False,False,False,False
MHL,2001,False,False,False,False,False,False,False,False,False
MHL,2002,False,False,False,False,False,False,False,True,True
MHL,2003,False,False,False,False,False,False,False,True,True
MHL,2004,False,False,False,False,False,False,False,True,True
MHL,2005,False,False,False,False,False,False,False,True,True
MHL,2006,False,False,False,False,False,False,False,True,True
MHL,2007,False,False,False,False,False,False,False,True,True
MHL,2008,False,False,False,False,False,False,False,True,True
MHL,2009,False,True,False,False,False,False,False,True,True
MHL,2010,False,True,False,False,False,False,False,True,True
MHL,2011,False,True,False,False,False,False,False,True,True
MHL,2012,False,True,False,False,False,False,False,True,True
MHL,2013,False,True,False,False,False,False,False,True,True
MHL,2014,False,False,False,False,False,False,False,True,True
MHL,2015,False,True,False,False,False,False,False,True,True
MHL,2016,False,True,False,True,False,False,False,False,True
MHL,2017,False,True,False,False,False,True,False,True,True
MHL,2018,False,True,False,False,False,False,False,True,True
MHL,2019,False,True,False,False,False,False,False,True,True
MHL,2020,False,True,False,False,False,False,False,True,True
MHL,2021,False,True,False,False,False,False,False,True,True
MHL,2022,False,True,False,False,False,False,False,True,True
MHL,2023,False,True,False,False,False,False,False,True,True
MHL,2024,False,True,False,False,False,False,False,True,True
FSM,1995,False,False,False,False,False,False,False,False,False
FSM,1996,False,False,False,False,False,False,False,False,False
FSM,1997,False,False,False,False,False,False,False,False,False
FSM,1998,False,False,False,False,False,False,False,False,False
FSM,1999,False,False,False,False,False,False,False,False,False
FSM,2000,False,False,False,False,False,False,False,False,False
FSM,2001,False,False,False,False,False,False,False,False,False
FSM,2002,False,False,False,False,False,False,False,True,True
FSM,2003,False,False,False,False,False,False,False,True,True
FSM,2004,False,False,False,False,False,False,False,True,True
FSM,2005,False,False,False,False,False,False,False,True,True
FSM,2006,False,False,False,False,False,False,False,True,True
FSM,2007,False,False,False,False,False,False,False,True,True
FSM,2008,False,False,False,False,False,False,False,True,True
FSM,2009,False,True,False,False,False,False,False,True,True
FSM,2010,False,True,False,False,False,False,False,True,True
FSM,2011,False,True,False,False,False,False,False,True,True
FSM,2012,False,True,False,False,False,False,False,True,True
FSM,2013,False,True,False,False,False,False,False,True,True
FSM,2014,False,False,False,False,False,False,False,True,True
FSM,2015,False,True,False,True,False,False,False,True,True
FSM,2016,False,False,False,True,False,False,False,True,True
FSM,2017,False,True,False,True,False,False,False,True,True
FSM,2018,False,True,False,True,False,False,False,True,True
FSM,2019,False,True,False,True,False,False,False,True,True
FSM,2020,False,True,False,False,False,False,False,True,True
FSM,2021,False,True,False,False,False,False,False,True,True
FSM,2022,False,True,False,False,False,False,False,True,True
FSM,2023,False,True,False,False,False,False,False,True,True
FSM,2024,False,True,False,False,False,False,False,True,True
PLW,1995,False,False,False,False,False,False,False,False,False
PLW,1996,False,False,False,False,False,False,False,False,False
PLW,1997,False,False,False,False,False,False,False,False,False
PLW,1998,False,False,False,False,False,False,False,False,False
PLW,1999,False,False,False,False,False,False,False,False,False
PLW,2000,False,False,False,False,False,False,False,False,False
PLW,2001,False,False,False,False,False,False,False,False,False
PLW,2002,False,False,False,False,False,False,False,False,False
PLW,2003,False,False,False,False,False,False,False,False,False
PLW,2004,False,False,False,False,False,False,False,False,False
PLW,2005,False,False,False,False,False,False,False,False,False
PLW,2006,False,True,False,False,False,False,False,True,True
PLW,2007,False,False,False,False,False,False,False,False,False
PLW,2008,False,False,False,False,False,False,False,True,True
PLW,2009,False,True,False,False,False,False,False,True,True
PLW,2010,False,True,False,False,False,False,False,False,True
PLW,2011,False,True,False,False,False,False,False,False,True
PLW,2012,True,False,False,True,True,False,False,False,True
PLW,2013,False,True,False,False,False,False,False,False,True
PLW,2014,False,False,False,False,True,False,False,False,True
PLW,2015,False,False,False,True,True,False,False,False,True
PLW,2016,False,False,False,False,True,False,False,False,True
PLW,2017,False,False,False,False,True,False,False,False,True
PLW,2018,False,True,False,False,False,False,False,True,True
PLW,2019,False,False,False,True,True,False,False,False,True
PLW,2020,False,True,False,False,False,False,False,True,True
PLW,2021,False,True,False,False,True,False,False,True,True
PLW,2022,False,False,False,False,True,False,False,True,True
PLW,2023,True,False,False,False,True,False,False,False,True
PLW,2024,False,True,False,False,False,False,False,True,True
PNG,1995,False,False,False,False,False,False,False,False,False
PNG,1996,False,False,False,False,False,False,False,False,False
PNG,1997,False,False,False,False,False,False,False,False,False
PNG,1998,False,False,False,False,False,False,False,False,False
PNG,1999,False,False,False,False,False,False,False,False,False
PNG,2000,False,False,False,False,False,False,False,False,False
PNG,2001,False,False,False,False,False,False,False,False,False
PNG,2002,False,False,False,False,False,False,False,False,False
PNG,2003,False,False,False,False,False,False,False,False,False
PNG,2004,False,False,False,False,False,False,False,False,False
PNG,2005,False,False,False,False,False,False,False,False,False
PNG,2006,False,False,False,False,False,False,False,False,False
PNG,2007,False,False,False,False,False,False,False,False,False
PNG,2008,False,False,False,False,True,False,False,False,True
PNG,2009,False,False,False,False,False,False,False,False,False
PNG,2010,True,False,False,True,True,False,False,False,True
PNG,2011,True,False,False,True,True,False,False,False,True
PNG,2012,True,False,False,False,False,False,False,False,True
PNG,2013,False,False,False,False,False,False,False,False,False
PNG,2014,True,False,False,True,False,False,False,False,True
PNG,2015,True,False,False,False,False,False,False,False,True
PNG,2016,True,False,False,True,False,False,False,False,True
PNG,2017,True,False,False,False,False,False,False,False,True
PNG,2018,True,False,False,False,False,False,False,False,True
PNG,2019,True,False,False,False,False,False,False,False,True
PNG,2020,True,True,False,False,False,False,False,False,True
PNG,2021,False,True,False,False,False,False,False,False,True
PNG,2022,False,False,False,False,False,False,False,False,False
PNG,2023,False,False,False,False,False,False,False,False,False
PNG,2024,False,True,False,False,False,False,False,False,True
SLB,1995,False,False,False,False,False,False,False,False,False
SLB,1996,False,False,False,False,False,False,False,False,False
SLB,1997,False,False,False,False,False,False,False,False,False
SLB,1998,False,False,False,False,False,False,False,False,False
SLB,1999,False,False,False,False,False,False,False,False,False
SLB,2000,False,False,False,False,False,False,False,False,False
SLB,2001,False,False,False,False,False,False,False,False,False
SLB,2002,False,False,False,False,False,False,False,False,False
SLB,2003,False,False,False,False,False,False,False,True,True
SLB,2004,False,False,False,False,False,False,False,True,True
SLB,2005,False,False,False,False,True,False,False,True,True
SLB,2006,False,False,False,False,False,False,False,True,True
SLB,2007,False,False,False,False,False,False,False,True,True
SLB,2008,False,False,False,False,False,False,False,True,True
SLB,2009,False,False,False,False,False,False,False,True,True
SLB,2010,True,False,False,False,False,False,False,True,True
SLB,2011,True,False,False,False,False,False,False,True,True
SLB,2012,True,False,False,False,False,False,False,True,True
SLB,2013,True,False,False,False,False,False,False,True,True
SLB,2014,True,False,False,True,False,False,False,False,True
SLB,2015,True,False,False,False,False,False,False,True,True
SLB,2016,True,False,False,False,False,False,False,False,True
SLB,2017,True,False,False,False,False,False,False,False,True
SLB,2018,True,False,False,False,False,False,False,False,True
SLB,2019,True,False,False,True,False,False,False,True,True
SLB,2020,True,True,False,False,False,False,False,False,True
SLB,2021,False,False,False,False,False,False,False,True,True
SLB,2022,False,False,False,False,False,False,False,True,True
SLB,2023,False,False,False,False,False,False,False,True,True
SLB,2024,False,False,False,False,False,False,False,True,True
TKL,1995,False,False,False,False,False,False,False,False,False
TKL,1997,False,False,False,False,False,False,False,False,False
TKL,1998,False,False,False,False,False,False,False,False,False
TKL,1999,False,False,False,False,False,False,False,False,False
TKL,2000,False,False,False,False,False,False,False,False,False
TKL,2001,False,False,False,False,False,False,False,False,False
TKL,2002,False,False,False,False,False,False,False,False,False
TKL,2003,False,False,False,False,False,False,False,False,False
TKL,2004,False,False,False,False,False,False,False,False,False
TKL,2005,False,False,False,False,False,False,False,False,False
TKL,2006,False,True,False,False,False,False,False,False,True
TKL,2007,False,True,False,False,False,False,False,False,True
TKL,2008,False,True,False,False,False,False,False,False,True
TKL,2009,False,True,False,False,False,False,False,False,True
TKL,2010,False,True,False,True,False,False,False,False,True
TKL,2011,False,True,False,True,False,False,False,False,True
TKL,2012,False,True,False,False,False,False,False,False,True
TKL,2013,False,True,False,False,False,False,False,False,True
TKL,2014,False,True,False,False,False,False,False,False,True
TKL,2015,True,True,False,False,False,False,False,False,True
TKL,2016,False,True,False,False,False,False,False,False,True
TKL,2017,True,True,False,True,False,False,False,False,True
TKL,2018,False,True,False,False,False,False,False,False,True
TKL,2019,False,False,False,False,False,False,False,False,False
TKL,2020,False,True,False,False,False,False,False,False,True
TKL,2021,False,True,False,False,False,False,False,False,True
TKL,2022,False,True,False,False,False,False,False,False,True
TKL,2023,False,True,False,False,False,False,False,False,True
TKL,2024,False,True,False,False,False,False,False,False,True
TON,1995,False,False,False,False,False,False,False,False,False
TON,1996,False,False,False,False,False,False,False,False,False
TON,1997,False,False,False,False,False,False,False,False,False
TON,1998,False,False,False,False,False,False,False,False,False
TON,1999,False,False,False,False,False,False,False,False,False
TON,2000,False,False,False,False,False,False,False,False,False
TON,2001,False,False,False,False,False,False,False,False,False
TON,2002,False,False,False,False,False,False,False,False,False
TON,2003,False,False,False,False,True,False,False,False,True
TON,2004,False,False,False,False,False,False,False,False,False
TON,2005,False,False,False,False,True,False,False,False,True
TON,2006,False,False,False,False,False,False,False,False,False
TON,2007,False,False,False,False,True,False,False,False,True
TON,2008,False,False,False,False,True,False,False,False,True
TON,2009,False,False,False,False,False,True,False,False,True
TON,2010,True,False,False,True,False,False,False,True,True
TON,2011,False,False,False,True,False,False,False,True,True
TON,2012,True,False,False,True,False,False,False,True,True
TON,2013,True,False,False,False,False,False,False,True,True
TON,2014,True,False,False,True,False,False,False,True,True
TON,2015,True,False,False,True,False,False,False,True,True
TON,2016,True,False,False,True,False,False,False,True,True
TON,2017,False,False,False,False,False,False,False,True,True
TON,2018,False,False,False,False,False,False,False,True,True
TON,2019,False,False,False,False,False,False,False,True,True
TON,2020,False,True,False,False,False,False,False,True,True
TON,2021,False,True,False,False,False,False,False,True,True
TON,2022,False,True,False,False,False,False,False,True,True
TON,2023,False,True,False,False,False,False,False,True,True
TON,2024,False,False,False,False,False,False,False,True,True
TUV,1995,False,False,False,False,False,False,False,False,False
TUV,1996,False,False,False,False,False,False,False,False,False
TUV,1997,False,False,False,False,False,False,False,True,True
TUV,1998,False,False,False,False,False,False,False,False,False
TUV,1999,False,False,False,False,False,False,False,False,False
TUV,2000,False,False,False,False,False,False,False,False,False
TUV,2001,False,False,False,False,False,False,False,True,True
TUV,2002,False,False,False,False,False,False,False,True,True
TUV,2003,False,False,False,False,False,False,False,True,True
TUV,2004,False,False,False,False,False,False,False,True,True
TUV,2005,False,False,False,False,False,False,False,True,True
TUV,2006,False,False,False,False,False,True,False,True,True
TUV,2007,False,False,False,False,False,True,False,True,True
TUV,2008,False,False,False,False,True,False,False,True,True
TUV,2009,False,False,False,False,False,False,False,True,True
TUV,2010,True,False,False,True,False,True,False,True,True
TUV,2011,False,False,False,True,False,False,False,True,True
TUV,2012,True,False,False,True,False,False,False,True,True
TUV,2013,True,False,False,False,False,False,False,True,True
TUV,2014,True,False,False,True,False,False,False,True,True
TUV,2015,False,False,False,False,False,False,False,True,True
TUV,2016,True,False,False,False,False,False,False,True,True
TUV,2017,True,False,False,False,False,False,False,True,True
TUV,2018,True,False,False,False,False,False,False,True,True
TUV,2019,False,True,False,False,False,False,False,True,True
TUV,2020,True,True,False,False,False,False,False,True,True
TUV,2021,False,False,False,False,False,False,False,True,True
TUV,2022,False,False,False,False,False,False,False,True,True
TUV,2023,False,True,False,False,False,False,False,True,True
TUV,2024,False,False,False,False,False,False,False,True,True
WLF,1995,False,False,False,False,False,False,False,False,False
WLF,1996,False,False,False,False,False,False,False,False,False
WLF,1997,False,False,False,False,False,False,False,False,False
WLF,1998,False,False,False,False,False,False,False,False,False
WLF,1999,False,False,False,False,False,False,False,False,False
WLF,2000,False,False,False,False,False,False,False,False,False
WLF,2001,False,False,False,False,False,False,False,False,False
WLF,2002,False,False,False,False,False,False,False,False,False
WLF,2003,False,False,False,False,False,False,False,False,False
WLF,2004,False,False,False,False,False,False,False,False,False
WLF,2005,False,False,False,False,False,False,False,False,False
WLF,2006,False,False,False,False,False,False,False,False,False
WLF,2007,False,False,False,False,False,False,False,False,False
WLF,2008,False,False,False,False,False,False,False,False,False
WLF,2009,False,False,False,False,False,False,False,False,False
WLF,2010,True,False,False,False,False,False,False,False,True
WLF,2011,True,False,False,False,False,False,False,False,True
WLF,2012,True,False,False,False,False,False,False,False,True
WLF,2013,False,False,False,False,False,False,False,False,False
WLF,2014,False,False,False,False,False,False,False,False,False
WLF,2015,False,False,False,False,False,False,False,False,False
WLF,2016,False,False,False,False,False,False,False,False,False
WLF,2017,False,False,False,False,False,False,False,False,False
WLF,2018,False,False,False,False,False,False,False,False,False
WLF,2019,True,False,False,False,False,False,False,False,True
WLF,2020,True,False,False,False,False,False,False,False,True
WLF,2021,True,False,False,False,False,False,False,False,True
WLF,2022,True,False,False,False,False,False,False,False,True
WLF,2023,True,False,False,False,False,False,False,False,True
WLF,2024,True,False,False,False,False,False,False,False,True
WSM,1995,False,False,False,False,False,False,False,False,False
WSM,1996,False,False,False,False,False,False,False,False,False
WSM,1997,False,False,False,False,False,False,False,False,False
WSM,1998,False,False,False,False,False,False,False,False,False
WSM,1999,False,False,False,False,False,False,False,False,False
WSM,2000,False,False,False,False,False,False,False,False,False
WSM,2001,False,False,False,False,False,False,False,False,False
WSM,2002,False,False,False,False,False,False,False,False,False
WSM,2003,False,False,False,False,False,False,False,False,False
WSM,2004,False,False,False,False,False,False,False,False,False
WSM,2005,False,False,False,False,False,False,False,False,False
WSM,2006,False,False,False,False,False,False,False,False,False
WSM,2007,False,False,False,False,True,False,False,False,True
WSM,2008,False,False,False,False,False,False,False,False,False
WSM,2009,False,False,False,False,False,True,False,False,True
WSM,2010,False,False,False,True,False,False,False,True,True
WSM,2011,False,False,False,True,False,True,False,False,True
WSM,2012,False,False,False,False,False,False,False,False,False
WSM,2013,False,True,False,False,False,True,False,False,True
WSM,2014,True,False,False,False,False,True,False,False,True
WSM,2015,True,True,False,False,False,False,False,False,True
WSM,2016,True,False,False,False,False,False,False,False,True
WSM,2017,True,False,False,False,False,False,False,True,True
WSM,2018,False,False,False,False,False,False,False,False,False
WSM,2019,False,False,False,False,False,False,True,False,True
WSM,2020,False,True,False,False,False,False,False,True,True
WSM,2021,False,False,False,False,False,False,True,False,True
WSM,2022,False,True,False,False,False,False,False,False,True
WSM,2023,False,True,False,False,False,True,False,False,True
WSM,2024,False,True,False,False,False,False,False,False,True
